date,SBI_Bluechip,ICICI_Bluechip,Nippon_Large_Cap,Axis_Bluechip,Kotak_Bluechip
2012-12-31,,,,23.992,
2013-01-01,,,,23.9979,
2013-01-02,103.0059,15.0253,14.6967,24.0036,
2013-01-03,103.0306,15.0737,14.7305,24.0092,
2013-01-04,103.0619,15.0702,14.8037,24.0147,
2013-01-06,103.0619,15.0702,14.8037,24.0258,
2013-01-07,103.1408,15.0913,14.7718,24.0314,30.6076
2013-01-08,103.1663,15.1146,14.7197,24.0369,30.6239
2013-01-09,103.1897,15.0517,14.7249,24.0424,30.6492
2013-01-10,103.2132,15.0619,14.6784,24.0479,30.6784
2013-01-11,103.2385,14.8886,14.6421,24.0534,30.6305
2013-01-13,103.2385,14.8886,14.6421,24.0643,30.6305
2013-01-14,103.3225,14.9767,14.7844,24.0698,30.6862
2013-01-15,102.9223,14.9813,14.8315,24.0754,30.6993
2013-01-16,102.9421,14.8752,14.6876,24.0809,30.6804
2013-01-17,102.9691,14.8214,14.7703,24.0863,30.6565
2013-01-18,102.9932,14.7954,14.8654,24.0918,30.658
2013-01-20,102.9932,14.7954,14.8654,24.1028,30.658
2013-01-21,103.0662,14.7538,14.9285,24.1084,30.6574
2013-01-22,103.0909,14.7072,14.8574,24.1139,30.6627
2013-01-23,103.1145,14.6961,14.7986,24.1194,30.6688
2013-01-24,103.1411,14.6124,14.6226,24.1249,30.6574
2013-01-25,103.1411,14.7695,14.7605,24.1249,30.6611
2013-01-27,103.1411,14.7695,14.7605,24.1413,30.6611
2013-01-28,103.2351,14.7769,14.7737,24.1468,30.6878
2013-01-29,102.9384,14.7946,14.681,24.1522,30.674
2013-01-30,102.959,14.7706,14.6583,24.1577,30.6441
2013-01-31,102.9778,14.7326,14.6179,24.1631,30.6763
2013-02-01,102.9976,14.6961,14.5671,24.1686,30.7201
2013-02-03,102.9976,14.6961,14.5671,24.1795,30.7201
2013-02-04,103.0659,14.7065,14.5479,24.1849,30.7231
2013-02-05,103.0886,14.6435,14.4313,24.1903,30.6673
2013-02-06,103.1119,14.7026,14.4775,24.1959,30.7067
2013-02-07,103.1356,14.6822,14.4048,24.2013,30.6882
2013-02-08,103.1594,14.6145,14.3212,24.2067,30.6813
2013-02-10,103.1594,14.6145,14.3212,24.2174,30.6813
2013-02-11,103.2303,14.5489,14.2908,24.223,30.5643
2013-02-12,103.2523,14.5546,14.3298,24.2284,30.6846
2013-02-13,103.2745,14.6106,14.3617,24.2338,30.693
2013-02-14,103.2937,14.5047,14.1541,24.2392,30.648
2013-02-15,102.9522,14.4666,14.1364,24.2446,30.6442
2013-02-17,102.9522,14.4666,14.1364,24.2554,30.6442
2013-02-18,103.0229,14.4915,14.1843,24.2609,30.6588
2013-02-19,103.0229,14.6114,14.2926,24.2664,30.6778
2013-02-20,103.0725,14.6159,14.2782,24.2719,30.7038
2013-02-21,103.0965,14.4163,14.0679,24.2773,30.6841
2013-02-22,103.1226,14.4423,14.0985,24.2828,30.6784
2013-02-24,103.1226,14.4423,14.0985,24.2938,30.6784
2013-02-25,103.1919,14.401,14.0828,24.2993,30.8655
2013-02-26,103.2097,14.2049,13.8873,24.3047,30.8517
2013-02-27,103.2322,14.2879,13.9873,24.3102,30.8692
2013-02-28,103.254,14.1092,13.7174,24.3157,30.8823
2013-03-01,102.9714,14.238,13.8247,24.3212,30.8771
2013-03-03,102.9714,14.238,13.8247,24.3322,30.8771
2013-03-04,103.0478,14.1535,13.7577,24.3377,30.9006
2013-03-05,103.0786,14.3051,13.9807,24.3433,30.9255
2013-03-06,103.1012,14.3669,14.0779,24.3489,30.9339
2013-03-07,103.129,14.4921,14.1368,24.3546,30.9351
2013-03-08,103.1462,14.6971,14.2733,24.3601,30.9455
2013-03-10,103.1462,14.6971,14.2733,24.3714,30.9455
2013-03-11,103.2199,14.7309,14.2265,24.377,30.9535
2013-03-12,103.251,14.69,14.1646,24.3827,30.9494
2013-03-13,103.2884,14.5384,13.9586,24.3882,30.9439
2013-03-14,103.34,14.6688,14.1321,24.3939,30.9591
2013-03-15,102.9975,14.6503,14.0574,24.3995,30.9911
2013-03-17,102.9975,14.6503,14.0574,24.4112,30.9911
2013-03-18,103.0355,14.5716,13.9688,24.4172,30.9884
2013-03-19,103.0632,14.3756,13.7101,24.423,30.9834
2013-03-20,103.1016,14.1918,13.4866,24.4287,30.9819
2013-03-21,103.157,14.1287,13.4908,24.4344,30.9869
2013-03-22,103.1891,14.0638,13.4563,24.4402,30.9812
2013-03-24,103.1891,14.0638,13.4563,24.4518,30.9812
2013-03-25,103.2114,14.0211,13.4002,24.4577,30.9981
2013-03-26,103.2285,14.0945,13.4772,24.464,30.9902
2013-03-27,103.2285,14.0945,13.4772,24.4699,30.9902
2013-03-28,103.2633,14.1991,13.578,24.4795,31.0136
2013-03-29,103.2633,14.1991,13.578,24.4795,31.0185
2013-04-01,103.2633,14.231,13.6324,24.5163,31.055
2013-04-02,103.2626,14.3768,13.8124,24.5294,31.0775
2013-04-03,103.3274,14.2929,13.6549,24.5363,31.0919
2013-04-04,103.4096,14.0601,13.4167,24.5419,31.0996
2013-04-05,103.4164,14.0479,13.4782,24.548,31.0949
2013-04-07,103.4164,0.0,13.4782,24.559,31.0949
2013-04-08,103.462,14.0224,13.4526,24.5645,31.1187
2013-04-09,103.4716,13.9389,13.3266,24.5702,31.1389
2013-04-10,103.4653,13.9826,13.4579,24.5758,31.1225
2013-04-11,103.4653,14.0994,13.5316,24.5815,31.1374
2013-04-12,103.5704,14.0426,13.3635,24.5872,31.1464
2013-04-14,103.5704,14.0426,13.3635,24.5986,31.1464
2013-04-15,103.6711,13.985,13.4536,24.6045,31.1685
2013-04-16,103.0719,14.2436,13.7055,24.6103,31.1787
2013-04-17,103.0866,14.267,13.7107,24.6161,31.1958
2013-04-18,103.1589,14.4401,13.9167,24.6219,31.2408
2013-04-19,103.1589,14.4401,13.9167,24.6219,31.2458
2013-04-21,103.1589,14.4401,13.9167,24.6392,31.2458
2013-04-22,103.216,14.6259,14.0431,24.645,31.2718
2013-04-23,103.2481,14.5801,13.9829,24.6507,31.2609
2013-04-24,103.2481,14.5801,13.9829,24.6565,31.2657
2013-04-25,103.2947,14.7586,14.0593,24.6623,31.3033
2013-04-26,103.3139,14.7058,14.0531,24.6681,31.3278
2013-04-28,103.3139,14.7058,14.0531,24.6796,31.3278
2013-04-29,103.3845,14.8289,14.1084,24.6855,31.3398
2013-04-30,103.0655,14.8945,14.1086,24.6913,31.3503
2013-05-01,103.0655,14.8945,14.1086,24.6971,31.3503
2013-05-02,103.2057,15.1032,14.229,24.7029,31.3834
2013-05-03,103.2082,15.0518,14.1115,24.7088,31.3656
2013-05-05,103.2082,15.0518,14.1115,24.7203,31.3656
2013-05-06,103.2821,15.1497,14.2356,24.726,31.3995
2013-05-07,103.3087,15.2704,14.3852,24.7318,31.4319
2013-05-08,103.3404,15.3597,14.3518,24.7375,31.4751
2013-05-09,103.3949,15.2634,14.2864,24.7432,31.4968
2013-05-10,103.4157,15.3358,14.3731,24.7491,31.4982
2013-05-12,103.4157,15.3358,14.3731,24.7604,31.4982
2013-05-13,103.4824,15.1284,14.1432,24.7661,31.4879
2013-05-14,103.5159,15.2336,14.2231,24.7718,31.5705
2013-05-15,103.113,15.5617,14.5276,24.7776,31.5899
2013-05-16,103.141,15.5917,14.5877,24.7833,31.5827
2013-05-17,103.1745,15.6811,14.6518,24.7891,31.5851
2013-05-19,103.1745,15.6811,14.6518,24.8004,31.5851
2013-05-20,103.2356,15.5963,14.5075,24.8061,31.5989
2013-05-21,103.2444,15.4753,14.395,24.8118,31.5881
2013-05-22,103.2698,15.4089,14.2804,24.8174,31.5981
2013-05-23,103.2705,15.2194,13.9275,24.823,31.6113
2013-05-24,103.2834,15.3594,13.9741,24.8285,31.6135
2013-05-26,103.2834,15.3594,13.9741,24.8398,31.6135
2013-05-27,103.349,15.508,14.1468,24.8455,31.6336
2013-05-28,103.3617,15.5632,14.2241,24.8511,31.6184
2013-05-29,103.0877,15.5996,14.1521,24.8568,31.6166
2013-05-30,103.1152,15.6604,14.1108,24.8624,31.6382
2013-05-31,103.1296,15.4335,13.9164,24.8679,31.6046
2013-06-02,103.1296,15.4335,13.9164,24.8791,31.6046
2013-06-03,103.1984,15.2578,13.8393,24.8847,31.5998
2013-06-04,103.225,15.2142,13.8528,24.8903,31.6364
2013-06-05,103.2598,15.2456,13.8796,24.8958,31.6295
2013-06-06,103.2957,15.2391,13.8693,24.9014,31.6568
2013-06-07,103.3194,15.2015,13.7436,24.907,31.6497
2013-06-09,103.3194,15.2015,13.7436,24.9182,31.6497
2013-06-10,103.3704,15.1368,13.6318,24.9237,31.6326
2013-06-11,103.3832,14.9065,13.3795,24.9292,31.5828
2013-06-12,103.3913,14.8527,13.3408,24.9347,31.5693
2013-06-13,103.4056,14.6936,13.199,24.9402,31.5726
2013-06-14,103.4267,14.8852,13.4526,24.9455,31.5823
2013-06-16,103.4267,14.8852,13.4526,24.9567,31.5823
2013-06-17,103.154,14.9613,13.5024,24.9622,31.6026
2013-06-18,103.221,14.9532,13.4342,24.9678,31.6199
2013-06-19,103.2602,15.0209,13.4689,24.9733,31.6167
2013-06-20,103.2642,14.7284,13.142,24.9788,30.9819
2013-06-21,103.2992,14.7306,13.1933,24.9844,31.5604
2013-06-23,103.2992,14.7306,13.1933,24.9955,31.5604
2013-06-24,103.3469,14.4707,12.9791,25.0009,31.5935
2013-06-25,103.3595,14.4939,12.9839,25.0065,31.5983
2013-06-26,103.3772,14.4661,12.9478,25.0121,31.5682
2013-06-27,103.3957,14.5856,13.1137,25.0177,31.551
2013-06-28,103.4072,14.9322,13.445,25.0257,31.6061
2013-07-01,103.4072,15.0643,13.6086,25.0444,31.6354
2013-07-02,103.2075,15.0405,13.5237,25.0506,31.6447
2013-07-03,103.2267,14.8874,13.2808,25.0562,31.6149
2013-07-04,103.265,15.0843,13.3744,25.0619,31.7005
2013-07-05,103.2854,15.1472,13.4009,25.0681,31.7308
2013-07-07,103.2854,15.1472,13.4009,25.0783,31.7308
2013-07-08,103.3431,15.0639,13.2314,25.0838,31.6958
2013-07-09,103.368,15.2741,13.3168,25.0893,31.7138
2013-07-10,103.3886,15.273,13.259,25.0948,31.7128
2013-07-11,103.4083,15.4709,13.4425,25.1004,31.757
2013-07-12,103.4314,15.6022,13.6028,25.1064,31.8051
2013-07-14,103.4314,15.6022,13.6028,25.117,31.8051
2013-07-15,103.4995,15.661,13.6813,25.1225,31.8193
2013-07-16,102.6046,15.4107,13.4826,25.0654,31.5549
2013-07-17,102.7023,15.3551,13.4057,25.0747,31.5346
2013-07-18,102.8496,15.4558,13.5266,25.0859,31.6192
2013-07-19,102.8672,15.3425,13.491,25.0951,31.6159
2013-07-21,102.8672,15.3425,13.491,25.1088,31.6159
2013-07-22,102.9274,15.3172,13.4323,25.1157,31.5924
2013-07-23,102.8344,15.3502,13.5137,25.12,31.5579
2013-07-24,102.6244,15.1837,13.2616,25.0935,31.3712
2013-07-25,102.6991,15.0259,13.1914,25.1012,31.5939
2013-07-26,102.7573,15.025,13.0735,25.109,31.591
2013-07-28,102.7573,15.025,13.0735,25.1236,31.591
2013-07-29,102.8554,14.9306,13.0033,25.131,31.5584
2013-07-30,102.8875,14.806,12.7471,25.1385,31.5287
2013-07-31,102.9055,14.7567,12.9014,25.146,31.463
2013-08-01,102.9596,14.7515,12.766,25.1536,31.5515
2013-08-02,103.0101,14.6639,12.6617,25.1607,31.5368
2013-08-04,103.0101,14.6639,12.6617,25.1748,31.5368
2013-08-05,103.1389,14.6753,12.7128,25.1832,31.5483
2013-08-06,103.1471,14.3633,12.3588,25.1904,31.5344
2013-08-07,103.1785,14.2345,12.4816,25.1974,31.5634
2013-08-08,103.2116,14.3894,12.7214,25.2051,31.6269
2013-08-11,103.2116,14.3894,12.7214,25.2278,31.6269
2013-08-12,103.2958,14.5806,12.8515,25.2342,31.6104
2013-08-13,103.3152,14.7677,13.0239,25.2414,31.6179
2013-08-14,103.364,14.803,13.0848,25.2486,31.5721
2013-08-15,103.364,14.803,13.0848,25.2559,31.5721
2013-08-16,103.1558,14.3818,12.6349,25.263,31.4561
2013-08-18,103.1558,14.3818,12.6349,25.2777,31.4561
2013-08-19,103.207,14.102,12.4366,25.2847,31.2745
2013-08-20,103.2086,13.9956,12.4137,25.2918,31.2916
2013-08-21,103.3135,13.8249,12.2191,25.2993,31.4778
2013-08-22,103.3345,13.8944,12.424,25.3066,31.477
2013-08-23,103.3768,14.066,12.5759,25.3141,31.5853
2013-08-25,103.3768,14.066,12.5759,25.3289,31.5853
2013-08-26,103.4776,14.1695,12.6806,25.3361,31.5711
2013-08-27,103.4881,13.7614,12.2979,25.3433,31.403
2013-08-28,103.4713,13.6318,12.2443,25.3507,31.3056
2013-08-29,103.1588,13.8991,12.4848,25.3581,31.3412
2013-08-30,103.214,14.1497,12.6214,25.3659,31.4007
2013-09-01,103.214,14.1497,12.6214,25.3804,31.4007
2013-09-02,103.3253,14.2365,12.794,25.3877,31.5122
2013-09-03,103.3815,13.9014,12.3669,25.3949,31.4503
2013-09-04,103.4408,14.0106,12.564,25.403,31.5182
2013-09-05,103.5445,14.3129,12.8133,25.4121,31.6593
2013-09-06,103.5778,14.4284,12.9802,25.4198,31.6505
2013-09-09,103.5778,14.4284,12.9802,25.4408,31.6505
2013-09-10,103.7133,14.8613,13.3471,25.4483,31.733
2013-09-11,103.7462,14.9458,13.4542,25.4558,31.7662
2013-09-12,103.7831,14.8835,13.3458,25.4632,31.7783
2013-09-13,103.8036,14.8914,13.3653,25.4707,31.8004
2013-09-15,103.8036,14.8914,13.3653,25.4852,31.8004
2013-09-16,103.8949,14.8783,13.2876,25.4927,31.8692
2013-09-17,103.2261,14.9042,13.3498,25.5003,31.8351
2013-09-18,103.3108,14.9935,13.4428,25.5079,31.8899
2013-09-19,103.4545,15.3962,13.819,25.5168,32.0075
2013-09-20,103.5346,15.2064,13.6366,25.5251,31.934
2013-09-22,103.5346,15.2064,13.6366,25.5398,31.934
2013-09-23,103.594,14.9949,13.408,25.5472,31.8585
2013-09-24,103.6,15.0645,13.3638,25.5544,31.8426
2013-09-25,103.6534,14.9967,13.355,25.5616,31.8851
2013-09-26,103.6866,14.9804,13.3434,25.5691,31.916
2013-09-27,103.724,14.9389,13.2945,25.5767,31.9532
2013-09-29,103.724,14.9389,13.2945,25.5911,31.9532
2013-09-30,103.7595,14.8343,13.1286,25.5987,31.9301
2013-10-01,103.2655,14.9575,13.2715,25.6067,31.9686
2013-10-02,103.2655,14.9575,13.2715,25.6141,31.974
2013-10-03,103.3443,15.1916,13.5608,25.6214,32.0673
2013-10-04,103.4092,15.2672,13.5546,25.629,32.0989
2013-10-06,103.4092,15.2672,13.5546,25.6434,32.0989
2013-10-07,103.5211,15.3439,13.6097,25.6508,32.1285
2013-10-08,103.7122,15.3869,13.6174,25.6587,32.2513
2013-10-09,103.7191,15.6088,13.7175,25.6659,32.3213
2013-10-10,103.7396,15.6447,13.7388,25.673,32.301
2013-10-11,103.7572,15.7415,13.9215,25.6801,32.3317
2013-10-13,103.7572,15.7415,13.9215,25.694,32.3317
2013-10-14,103.8303,15.7324,13.9362,25.7011,32.3093
2013-10-15,103.2589,15.679,13.8854,25.7083,32.2883
2013-10-16,103.2589,15.679,13.8854,25.7154,32.2938
2013-10-17,103.3326,15.5453,13.7852,25.7225,32.3189
2013-10-18,103.3672,15.7809,14.0524,25.7294,32.4268
2013-10-20,103.3672,15.7809,14.0524,25.743,32.4268
2013-10-21,103.4516,15.8894,14.1188,25.75,32.4775
2013-10-22,103.4859,15.877,14.115,25.757,32.4872
2013-10-23,103.4986,15.8677,14.0597,25.764,32.5233
2013-10-24,103.5248,15.9415,14.0033,25.771,32.5346
2013-10-25,103.5569,15.8675,13.95,25.7779,32.5173
2013-10-27,103.5569,15.8675,13.95,25.7917,32.5173
2013-10-28,103.6375,15.8194,13.8624,25.7986,32.5484
2013-10-29,103.332,16.1585,14.119,25.8056,32.6515
2013-10-30,103.3571,16.1802,14.2056,25.8127,32.6125
2013-10-31,103.3858,16.2736,14.3413,25.8195,32.6518
2013-11-01,103.3966,16.2955,14.4273,25.8264,32.6454
2013-11-04,103.3966,16.2955,14.4273,25.8466,32.6618
2013-11-05,103.4962,16.2853,14.4377,25.8532,32.7174
2013-11-06,103.5239,16.3485,14.4002,25.8599,32.6265
2013-11-07,103.5073,16.3104,14.28,25.8666,32.5983
2013-11-08,103.5326,16.2705,14.182,25.8733,32.5316
2013-11-10,103.5326,16.2705,14.182,25.8867,32.5316
2013-11-11,103.5975,16.24,14.0904,25.8933,32.4955
2013-11-12,103.6068,16.237,14.0191,25.8999,32.3947
2013-11-13,103.6314,16.17,13.9225,25.9068,32.4322
2013-11-14,103.6701,16.2613,14.1196,25.9133,32.4418
2013-11-15,103.6701,16.2613,14.1196,25.9133,32.4474
2013-11-17,103.6701,16.2613,14.1196,25.9329,32.4474
2013-11-18,103.396,16.5226,14.3228,25.9394,32.4751
2013-11-19,103.4355,16.5334,14.3778,25.946,32.5017
2013-11-20,103.4681,16.444,14.1819,25.9525,32.5391
2013-11-21,103.474,16.1933,13.9415,25.9591,32.488
2013-11-22,103.5041,16.2897,13.9552,25.9656,32.5096
2013-11-24,103.5041,16.2897,13.9552,25.9785,32.5096
2013-11-25,103.6001,16.5718,14.1929,25.985,32.5583
2013-11-26,103.6402,16.6084,14.0636,25.9914,32.5796
2013-11-27,103.7259,16.6986,14.0241,25.9979,32.6643
2013-11-28,103.7346,16.7602,14.1461,26.0044,32.7085
2013-11-29,103.3436,16.8709,14.3277,26.0108,32.7537
2013-12-01,103.3436,16.8709,14.3277,26.0236,32.7537
2013-12-02,103.4284,17.0194,14.4415,26.03,32.7932
2013-12-03,103.4693,17.0192,14.469,26.0368,32.7924
2013-12-04,103.4962,16.8619,14.408,26.0431,32.7606
2013-12-05,103.5545,16.979,14.5651,26.0494,32.8103
2013-12-06,103.5593,17.0086,14.6049,26.0558,32.8026
2013-12-08,103.5593,17.0086,14.6049,26.0686,32.8026
2013-12-09,103.618,17.1451,14.8292,26.0751,32.8598
2013-12-10,103.6308,17.1309,14.7766,26.0815,32.8561
2013-12-11,103.6643,17.1614,14.72,26.0879,32.8339
2013-12-12,103.7351,17.1221,14.6114,26.0942,32.8431
2013-12-13,103.7247,16.9744,14.4293,26.1007,32.807
2013-12-15,103.7247,16.9744,14.4293,26.1136,32.807
2013-12-16,103.8019,16.9674,14.5314,26.1199,32.8574
2013-12-17,103.3699,16.9528,14.5878,26.1264,32.834
2013-12-18,103.4075,17.1442,14.7942,26.1328,32.9813
2013-12-19,103.4336,17.1041,14.7525,26.1391,33.0031
2013-12-20,103.4584,17.3408,14.9808,26.1455,33.0843
2013-12-21,103.4584,17.3408,14.9808,26.1455,33.09
2013-12-22,103.4584,17.3408,14.9808,26.1582,33.09
2013-12-23,103.5236,17.3223,15.0236,26.1645,33.1548
2013-12-24,103.534,17.2848,15.0519,26.1709,33.1496
2013-12-25,103.534,17.2848,15.0519,26.1774,33.1496
2013-12-26,103.5763,17.2918,15.0569,26.1837,33.1844
2013-12-27,103.5893,17.4295,15.1338,26.19,33.2216
2013-12-29,103.5893,17.4295,15.1338,26.2029,33.2216
2013-12-30,103.6429,17.3906,15.058,26.2093,33.2426
2013-12-31,103.3941,17.4279,15.1634,26.2169,33.267
2014-01-01,103.446,17.4606,15.1641,26.2235,33.2578
2014-01-02,103.4808,17.2465,14.9258,26.2298,33.2215
2014-01-03,103.506,17.3062,14.9541,26.2362,33.2596
2014-01-05,103.506,17.3062,14.9541,26.2489,33.2596
2014-01-06,103.5815,17.3726,14.9235,26.2553,33.1183
2014-01-07,103.5881,17.3428,14.856,26.2617,33.1179
2014-01-08,103.5945,17.4401,14.8357,26.2681,33.1048
2014-01-09,103.5989,17.3968,14.7928,26.2744,33.1135
2014-01-10,103.6477,17.347,14.7676,26.2807,33.1133
2014-01-12,103.6477,17.347,14.7676,26.2934,33.1133
2014-01-13,103.721,17.4915,14.9695,26.2998,33.1891
2014-01-14,103.721,17.4504,14.8923,26.3061,33.185
2014-01-15,103.7752,17.6156,15.0219,26.3125,33.2341
2014-01-16,103.3942,17.5559,15.0355,26.3189,33.2535
2014-01-17,103.4134,17.2904,14.8613,26.3252,33.1938
2014-01-19,103.4134,17.2904,14.8613,26.3379,33.1938
2014-01-20,103.4895,17.432,15.0026,26.3443,33.2606
2014-01-21,103.5305,17.4136,15.0291,26.3506,33.2731
2014-01-22,103.5532,17.4253,15.111,26.357,33.271
2014-01-23,103.5792,17.459,15.0994,26.3633,33.2825
2014-01-24,103.6008,17.2293,14.9307,26.3696,33.2323
2014-01-26,103.6008,17.2293,14.9307,26.3823,33.2323
2014-01-27,103.6718,16.949,14.6153,26.3887,33.1357
2014-01-28,103.6757,16.9029,14.531,26.3949,33.0627
2014-01-29,103.4118,16.9315,14.5958,26.4011,33.059
2014-01-30,103.4259,16.8303,14.4573,26.4072,32.9481
2014-01-31,103.4429,16.9655,14.6318,26.4134,33.0176
2014-02-02,103.4429,16.9655,14.6318,26.4258,33.0176
2014-02-03,103.5223,16.8643,14.4507,26.4319,33.0118
2014-02-04,103.5533,16.886,14.465,26.4381,32.9965
2014-02-05,103.5806,16.9623,14.4861,26.4443,33.0271
2014-02-06,103.6157,16.9746,14.4906,26.4505,33.0351
2014-02-07,103.6364,17.0349,14.5266,26.4568,33.0979
2014-02-09,103.6364,17.0349,14.5266,26.4692,33.0979
2014-02-10,103.7039,17.0094,14.4875,26.4754,33.1096
2014-02-11,103.7273,17.0838,14.5698,26.4816,33.0822
2014-02-12,103.7487,17.1504,14.6409,26.4878,33.0892
2014-02-13,103.7594,16.9622,14.4582,26.494,33.0386
2014-02-14,103.785,17.0933,14.5321,26.5002,33.0458
2014-02-16,103.785,17.0933,14.5321,26.5127,33.0458
2014-02-17,103.4821,17.1245,14.5667,26.5189,33.1427
2014-02-18,103.5059,17.3448,14.7053,26.5252,33.2698
2014-02-19,103.5059,17.4558,14.8192,26.5314,33.2091
2014-02-20,103.5667,17.3602,14.7635,26.5376,33.2042
2014-02-21,103.5927,17.534,14.9225,26.5438,33.2961
2014-02-23,103.5927,17.534,14.9225,26.5563,33.2961
2014-02-24,103.6626,17.6829,15.0174,26.5625,33.4027
2014-02-25,103.687,17.7507,15.0578,26.569,33.443
2014-02-26,103.7081,17.8435,15.1423,26.5753,33.5375
2014-02-27,103.7081,17.8435,15.1423,26.5816,33.5375
2014-02-28,103.7646,17.9986,15.2367,26.5879,33.4958
2014-03-02,103.7646,17.9986,15.2367,26.6005,33.4958
2014-03-03,103.4879,17.9248,15.108,26.6068,33.4822
2014-03-04,103.4922,18.0637,15.3215,26.6132,33.6518
2014-03-05,103.5515,18.1757,15.4493,26.6196,33.72
2014-03-06,103.5859,18.338,15.624,26.626,33.822
2014-03-07,103.6353,18.4912,15.7893,26.6326,33.8733
2014-03-09,103.6353,18.4912,15.7893,26.6458,33.8733
2014-03-10,103.746,18.5498,15.8336,26.6523,33.8479
2014-03-11,103.8533,18.5457,15.7797,26.6589,33.9443
2014-03-12,103.8563,18.6535,15.775,26.6656,33.918
2014-03-13,103.9202,18.6354,15.7414,26.6724,33.8708
2014-03-14,103.9564,18.6636,15.7305,26.6792,33.8191
2014-03-17,103.9564,18.6636,15.7305,26.6993,33.8191
2014-03-18,104.0619,18.7905,15.856,26.7062,33.8637
2014-03-19,104.0916,18.8426,15.8849,26.7131,33.908
2014-03-20,104.0972,18.8054,15.7631,26.7201,33.9027
2014-03-21,104.2069,18.8267,15.8077,26.727,33.9409
2014-03-23,104.2069,18.8267,15.8077,26.7409,33.9409
2014-03-24,104.3035,19.0559,15.9637,26.7484,34.0039
2014-03-25,104.4319,19.1559,16.0131,26.7554,33.9937
2014-03-26,104.3934,19.1321,16.0209,26.7624,33.998
2014-03-27,104.4245,19.1714,16.1047,26.7694,34.1115
2014-03-28,104.6408,19.3006,16.295,26.7777,34.2524
2014-03-31,104.7403,19.4192,16.4337,26.805,34.3716
2014-04-01,104.7403,19.2809,16.3998,26.8131,34.4386
2014-04-02,104.6459,19.3511,16.5762,26.8201,34.4663
2014-04-03,104.6613,19.3331,16.5041,26.8272,34.4587
2014-04-04,104.6173,19.2274,16.4255,26.8337,34.5208
2014-04-06,104.6173,19.2274,16.4255,26.8477,34.5208
2014-04-07,104.6708,19.227,16.4194,26.8542,34.5081
2014-04-08,104.6708,19.227,16.4194,26.8612,34.5081
2014-04-09,104.6926,19.4787,16.636,26.8678,34.6294
2014-04-10,104.7079,19.5023,16.6791,26.8747,34.6955
2014-04-11,104.7961,19.4665,16.5678,26.8814,34.8263
2014-04-14,104.7961,19.4665,16.5678,26.9019,34.8263
2014-04-15,104.8973,19.4304,16.4793,26.9086,34.8415
2014-04-16,104.979,19.2266,16.2824,26.9154,34.8088
2014-04-17,104.9728,19.4383,16.5079,26.9221,35.0202
2014-04-20,104.9728,19.4383,16.5079,26.9423,35.0202
2014-04-21,105.1503,19.5891,16.6546,26.949,35.2201
2014-04-22,105.3231,19.6741,16.6901,26.9557,35.2249
2014-04-23,105.3895,19.8523,16.755,26.9624,35.277
2014-04-24,105.3895,19.8523,16.755,26.9691,35.277
2014-04-25,105.4519,19.6863,16.6603,26.9753,35.3158
2014-04-27,105.4519,19.6863,16.6603,26.9891,35.3158
2014-04-28,105.5157,19.7565,16.643,26.9958,35.4212
2014-04-29,105.6008,19.6588,16.4949,27.0024,35.3096
2014-04-30,105.6958,19.5769,16.4493,27.009,35.1457
2014-05-01,105.6958,19.5769,16.4493,27.0157,35.1457
2014-05-02,105.7909,19.6001,16.4055,27.0224,35.0865
2014-05-04,105.7909,19.6001,16.4055,27.0356,35.0865
2014-05-05,105.9859,19.615,16.4094,27.0422,35.0838
2014-05-06,106.009,19.6623,16.4314,27.0488,35.0292
2014-05-07,106.0297,19.6396,16.3084,27.0553,34.9808
2014-05-08,106.0486,19.706,16.3463,27.0619,34.9568
2014-05-09,106.1508,20.0994,16.7704,27.0686,35.1143
2014-05-11,106.1508,20.0994,16.7704,27.0815,35.1143
2014-05-12,106.283,20.4204,17.0811,27.0881,35.0663
2014-05-13,106.2773,20.553,17.3691,27.0947,35.1825
2014-05-14,106.2773,20.4753,17.3858,27.1012,35.1825
2014-05-15,106.371,20.4944,17.2971,27.1077,35.1011
2014-05-16,106.578,20.6892,17.7003,27.1137,35.2264
2014-05-18,106.578,20.6892,17.7003,27.1274,35.2264
2014-05-19,106.5839,20.9973,18.0749,27.1338,35.3626
2014-05-20,106.5899,21.1322,18.2096,27.1406,35.5816
2014-05-21,106.6686,21.2438,18.284,27.1474,35.7331
2014-05-22,106.7537,21.4746,18.4562,27.154,35.9131
2014-05-23,106.9316,21.6334,18.7953,27.1604,35.962
2014-05-25,106.9316,21.6334,18.7953,27.1733,35.962
2014-05-26,106.9784,21.5244,18.7217,27.1798,35.7583
2014-05-27,107.0365,21.5816,18.6606,27.1863,35.6921
2014-05-28,107.0496,21.5662,18.7759,27.1928,35.8232
2014-05-29,107.1021,21.443,18.5928,27.1994,35.7832
2014-05-30,107.1905,21.5867,18.4698,27.206,35.808
2014-06-01,107.1905,21.5867,18.4698,27.2189,35.808
2014-06-02,107.236,21.9387,18.8857,27.2252,36.0403
2014-06-03,107.4231,22.1067,18.9956,27.2319,36.1302
2014-06-04,107.5222,22.2,19.0685,27.2385,36.2579
2014-06-05,107.6529,22.3183,19.3489,27.2449,36.399
2014-06-06,107.7408,22.532,19.5433,27.2514,36.5904
2014-06-08,107.7408,22.532,19.5433,27.2643,36.5904
2014-06-09,107.8767,22.7465,19.765,27.2708,36.8518
2014-06-10,107.878,22.9365,19.7891,27.2773,36.9468
2014-06-11,107.8761,22.7528,19.7583,27.2838,36.8234
2014-06-12,107.9228,22.9122,19.8035,27.2902,36.7601
2014-06-13,107.976,22.6572,19.5601,27.2963,36.4924
2014-06-15,107.976,22.6572,19.5601,27.3094,36.4924
2014-06-16,107.9536,22.6519,19.5086,27.3157,36.5217
2014-06-17,107.9426,22.962,19.7723,27.3222,36.621
2014-06-18,107.9489,22.9573,19.6428,27.3286,36.65
2014-06-19,107.9016,22.8413,19.5007,27.3352,36.5263
2014-06-20,107.8502,22.712,19.4017,27.3415,36.557
2014-06-22,107.8502,22.712,19.4017,27.3542,36.557
2014-06-23,107.8791,22.735,19.4828,27.3605,36.4175
2014-06-24,107.9086,22.868,19.6679,27.3668,36.5613
2014-06-25,107.9552,22.8644,19.6921,27.3732,36.6885
2014-06-26,108.0195,22.8592,19.5981,27.3796,36.6332
2014-06-27,108.0211,23.056,19.7392,27.386,36.7123
2014-06-29,108.0211,23.056,19.7392,27.3987,36.7123
2014-06-30,108.1211,23.4051,20.1124,27.4057,36.9414
2014-07-01,108.1211,23.6544,20.2354,27.4131,36.9762
2014-07-02,108.251,24.016,20.4426,27.4196,37.4514
2014-07-03,108.2774,24.1979,20.5302,27.426,37.3962
2014-07-04,108.3324,24.2967,20.5459,27.4323,37.496
2014-07-06,108.3324,24.2967,20.5459,27.4449,37.496
2014-07-07,108.3898,24.275,20.5836,27.4513,37.5056
2014-07-08,108.3878,23.7186,20.0262,27.4576,37.1313
2014-07-09,108.4151,23.4313,19.7643,27.4639,36.9564
2014-07-10,108.4249,23.5146,19.7887,27.4701,37.0771
2014-07-11,108.1137,23.2346,19.4787,27.4762,36.7241
2014-07-13,108.1137,23.2346,19.4787,27.4888,36.7241
2014-07-14,107.9854,23.2051,19.42,27.495,36.7263
2014-07-15,108.0604,23.6,19.7704,27.5014,37.0449
2014-07-16,108.1362,23.901,20.0502,27.5077,37.5456
2014-07-17,108.2175,24.2263,20.13,27.5141,37.6555
2014-07-18,108.2555,24.2664,20.1216,27.5205,37.6211
2014-07-20,108.2555,24.2664,20.1216,27.533,37.6211
2014-07-21,108.3794,24.3276,20.1456,27.5394,37.6895
2014-07-22,108.4712,24.4144,20.1828,27.5456,37.6725
2014-07-23,108.5746,24.3382,20.2631,27.5517,37.5776
2014-07-24,108.6962,24.3907,20.3446,27.5579,37.3938
2014-07-25,108.7179,24.4078,20.1615,27.5643,37.3283
2014-07-27,108.7179,24.4078,20.1615,27.5769,37.3283
2014-07-28,108.7696,24.379,20.0988,27.5832,37.2808
2014-07-29,108.7696,24.379,20.0988,27.5895,37.2808
2014-07-30,108.7581,24.4922,20.062,27.5959,37.4191
2014-07-31,108.8084,24.3442,19.9239,27.6022,37.2912
2014-08-01,108.7849,23.9306,19.7328,27.6086,37.3011
2014-08-03,108.7849,23.9306,19.7328,27.6213,37.3011
2014-08-04,108.8673,24.1119,20.0161,27.6277,37.4721
2014-08-05,108.7745,24.3007,20.1673,27.6341,37.4906
2014-08-06,108.6927,24.2479,20.0311,27.6404,37.3793
2014-08-07,108.7486,24.1782,19.9777,27.6468,37.3269
2014-08-08,108.7279,23.8891,19.6787,27.6531,37.2728
2014-08-10,108.7279,23.8891,19.6787,27.6659,37.2728
2014-08-11,108.8297,24.0808,19.7947,27.6723,37.2669
2014-08-12,108.8541,24.3387,19.9321,27.6787,37.3673
2014-08-13,108.9453,24.3864,19.9797,27.6851,37.2429
2014-08-14,108.9888,24.5198,20.0711,27.6915,37.4988
2014-08-18,108.9888,24.7553,20.3665,27.7173,37.7987
2014-08-19,109.1381,25.0309,20.5276,27.7237,37.8322
2014-08-20,109.199,25.1107,20.5059,27.7301,37.9221
2014-08-21,109.1791,25.2649,20.6579,27.7366,37.9101
2014-08-22,109.2192,25.3697,20.7944,27.7431,38.229
2014-08-24,109.2192,25.3697,20.7944,27.7559,38.229
2014-08-25,109.2596,25.5033,20.7768,27.7624,38.5089
2014-08-26,109.2961,25.4898,20.714,27.769,38.5566
2014-08-27,109.3655,25.6423,20.8028,27.7754,38.7438
2014-08-28,109.3934,25.6427,20.8633,27.7821,38.6759
2014-08-31,109.3934,25.6427,20.8633,27.8016,38.6759
2014-09-01,109.5116,25.8567,21.1961,27.8081,38.822
2014-09-02,109.5448,26.1127,21.2769,27.8146,38.8758
2014-09-03,109.6166,26.2996,21.4935,27.8211,39.1931
2014-09-04,109.6473,26.3266,21.4261,27.8277,39.3929
2014-09-05,109.6985,26.3654,21.5339,27.8342,39.4447
2014-09-07,109.6985,26.3654,21.5339,27.8472,39.4447
2014-09-08,109.8163,26.6756,21.8269,27.8538,39.8876
2014-09-09,109.721,26.7198,21.8095,27.8603,39.9404
2014-09-10,109.8244,26.6955,21.6806,27.8669,40.079
2014-09-11,109.8546,26.9513,21.8595,27.8734,40.0504
2014-09-12,109.8922,27.0259,21.8769,27.8799,39.9154
2014-09-14,109.8922,27.0259,21.8769,27.893,39.9154
2014-09-15,109.9641,26.9339,21.882,27.8996,40.1784
2014-09-16,109.9902,26.2875,21.3963,27.9062,39.6792
2014-09-17,110.0495,26.304,21.4862,27.9128,39.6167
2014-09-18,110.1537,26.7414,21.9147,27.9195,40.055
2014-09-19,110.2016,26.9457,21.8276,27.9262,40.1908
2014-09-21,110.2016,26.9457,21.8276,27.9395,40.1908
2014-09-22,110.3306,26.8572,21.8568,27.9461,40.2295
2014-09-23,110.361,26.4886,21.5175,27.9528,39.8477
2014-09-24,110.4004,26.3201,21.3659,27.9595,39.9335
2014-09-25,110.4443,26.0441,21.0385,27.9661,39.7424
2014-09-26,110.5813,26.1973,21.3035,27.9727,39.662
2014-09-28,110.5813,26.1973,21.3035,27.9858,39.662
2014-09-29,110.6058,26.3527,21.3504,27.9924,39.8013
2014-09-30,110.6084,26.5027,21.3925,28.0002,39.8683
2014-10-01,110.6379,26.4262,21.2853,28.006,40.0008
2014-10-06,110.6379,26.4262,21.2853,28.0406,40.0008
2014-10-07,110.878,26.1357,21.0501,28.0473,39.993
2014-10-08,110.9817,26.0109,20.9858,28.0542,39.8984
2014-10-09,110.9422,26.3647,21.3712,28.0608,40.0505
2014-10-10,111.0732,25.9356,21.1257,28.0674,39.8034
2014-10-12,111.0732,25.9356,21.1257,28.0806,39.8034
2014-10-13,111.165,26.1395,21.2817,28.0873,39.8658
2014-10-14,111.3032,26.0296,21.2408,28.094,40.0185
2014-10-15,111.3032,26.0296,21.2408,28.1006,40.0185
2014-10-16,111.4989,25.544,20.9038,28.1073,39.8599
2014-10-17,111.5184,25.5407,21.0171,28.114,39.82
2014-10-19,111.5184,25.5407,21.0171,28.1272,39.82
2014-10-20,111.6753,25.9058,21.353,28.1338,40.0595
2014-10-21,111.7859,26.2067,21.5918,28.1404,40.2162
2014-10-22,111.8628,26.5601,21.8551,28.1466,40.243
2014-10-26,111.8628,26.5601,21.8551,28.1734,40.243
2014-10-27,112.0815,26.8094,21.8616,28.1801,40.3569
2014-10-28,112.18,26.971,21.996,28.1867,40.5753
2014-10-29,112.2563,27.0544,22.1388,28.1934,40.7219
2014-10-30,112.3874,27.2917,22.347,28.2001,40.6577
2014-10-31,112.549,27.7075,22.7578,28.2069,40.8608
2014-11-02,112.549,27.7075,22.7578,28.2203,40.8608
2014-11-03,112.7413,27.7722,22.7017,28.227,40.8047
2014-11-04,112.7413,27.7722,22.7017,28.2336,40.8047
2014-11-05,113.0,27.8847,22.794,28.2404,41.1598
2014-11-06,113.0,27.8847,22.794,28.247,41.1598
2014-11-07,113.0631,28.0049,22.8806,28.2538,41.2118
2014-11-09,113.0631,28.0049,22.8806,28.2669,41.2118
2014-11-10,113.2158,28.0042,22.8659,28.2736,41.189
2014-11-11,113.233,28.2391,23.0631,28.2802,41.2873
2014-11-12,113.2863,28.3193,23.1128,28.2868,41.5689
2014-11-13,113.1662,28.3492,23.0467,28.2934,41.4428
2014-11-14,113.1821,28.4932,23.1963,28.3,41.4928
2014-11-16,113.1821,28.4932,23.1963,28.3132,41.4928
2014-11-17,113.3374,28.6139,23.3364,28.3199,41.5882
2014-11-18,113.4102,28.71,23.4951,28.3265,41.6985
2014-11-19,113.4418,28.7373,23.3673,28.3332,41.5746
2014-11-20,113.4823,28.8198,23.3456,28.3398,41.6964
2014-11-21,113.5065,28.9801,23.5458,28.3465,41.6807
2014-11-23,113.5065,28.9801,23.5458,28.3598,41.6807
2014-11-24,113.5794,29.0243,23.6832,28.3664,41.7115
2014-11-25,113.6379,28.7035,23.5233,28.373,41.4122
2014-11-26,113.6632,28.7161,23.5148,28.3795,41.4171
2014-11-27,113.6867,28.7032,23.601,28.3861,41.458
2014-11-28,113.8838,29.0311,23.9915,28.3926,41.5949
2014-11-30,113.8838,29.0311,23.9915,28.4057,41.5949
2014-12-01,114.0367,28.983,24.0141,28.4124,41.6301
2014-12-02,114.3339,29.0315,23.9993,28.419,42.0164
2014-12-03,114.3739,29.2435,24.2533,28.4256,42.1938
2014-12-04,114.375,29.3911,24.3271,28.4321,42.8363
2014-12-05,114.4292,29.3389,24.1536,28.4387,43.1095
2014-12-07,114.4292,29.3389,24.1536,28.4517,43.1095
2014-12-08,114.5229,29.1879,23.7779,28.4582,43.158
2014-12-09,114.6075,28.8865,23.4637,28.4648,42.8366
2014-12-10,114.5532,28.8866,23.5379,28.4713,42.7592
2014-12-11,114.6519,28.9082,23.4096,28.4779,42.5564
2014-12-12,114.7909,28.6958,23.2532,28.4846,42.3191
2014-12-14,114.7909,28.6958,23.2532,28.4975,42.3191
2014-12-15,114.8848,28.6602,23.1125,28.5039,42.1695
2014-12-16,114.3427,28.1571,22.6709,28.5104,41.7876
2014-12-17,114.3381,27.9985,22.5613,28.5169,41.5318
2014-12-18,114.4956,28.6529,23.0164,28.5234,41.9608
2014-12-19,114.4116,28.794,23.1536,28.5299,42.0515
2014-12-21,114.4116,28.794,23.1536,28.543,42.0515
2014-12-22,114.5061,29.0177,23.3659,28.5493,42.2996
2014-12-23,114.6022,28.9268,23.2479,28.5559,42.038
2014-12-24,114.5759,28.7047,23.1541,28.5624,42.0098
2014-12-25,114.5759,28.7047,23.1541,28.569,42.0098
2014-12-26,114.5973,28.8359,23.2489,28.5754,42.0191
2014-12-28,114.5973,28.8359,23.2489,28.5886,42.0191
2014-12-29,114.7535,29.0845,23.4536,28.5952,42.102
2014-12-30,114.9108,29.1987,23.5498,28.6019,42.1408
2014-12-31,115.0256,29.4276,23.6095,28.6091,42.2877
2015-01-01,115.0622,29.5761,23.6528,28.616,42.4985
2015-01-02,115.0298,29.9872,23.8685,28.6226,42.5325
2015-01-04,115.0298,29.9872,23.8685,28.6357,42.5325
2015-01-05,115.0697,29.9841,23.9306,28.6423,42.5467
2015-01-06,115.0098,29.2677,23.2978,28.6489,41.9532
2015-01-07,115.0964,29.2748,23.1888,28.6555,41.8746
2015-01-08,115.1534,29.7028,23.5557,28.6621,42.1954
2015-01-09,115.2179,29.8206,23.6919,28.6687,42.3017
2015-01-11,115.2179,29.8206,23.6919,28.6819,42.3017
2015-01-12,115.4215,30.0342,23.8558,28.6885,42.7468
2015-01-13,115.5874,30.0581,23.8283,28.6951,43.0722
2015-01-14,115.6112,30.1817,23.7675,28.7017,43.0518
2015-01-15,115.9938,30.6178,24.2222,28.7084,43.3244
2015-01-16,116.1579,30.8147,24.317,28.715,43.3962
2015-01-18,116.1579,30.8147,24.317,28.7282,43.3962
2015-01-19,116.243,30.9549,24.5131,28.7348,43.3996
2015-01-20,116.2527,31.0859,24.6911,28.7414,43.2958
2015-01-21,116.3456,31.1253,24.7599,28.748,43.5297
2015-01-22,116.3811,31.1537,24.8819,28.7546,43.336
2015-01-23,116.4146,31.2909,25.0677,28.7612,43.3195
2015-01-26,116.4146,31.2909,25.0677,28.7808,43.3195
2015-01-27,116.4896,31.7096,25.3339,28.7875,43.5299
2015-01-28,116.5474,31.6708,25.421,28.7941,43.3233
2015-01-29,116.583,31.5677,25.385,28.8007,43.6312
2015-01-30,116.5922,31.2553,25.0624,28.8074,43.3838
2015-02-01,116.5922,31.2553,25.0624,28.8206,43.3838
2015-02-02,116.7716,31.3209,25.1129,28.8272,43.8334
2015-02-03,116.6952,31.1223,25.0832,28.8337,43.6408
2015-02-04,116.6401,30.8819,24.9246,28.8403,43.3804
2015-02-05,116.6397,30.8805,24.8215,28.8469,43.1618
2015-02-06,116.6382,30.5713,24.5556,28.8535,42.9024
2015-02-08,116.6382,30.5713,24.5556,28.8667,42.9024
2015-02-09,116.6428,30.2365,24.2059,28.8733,42.6551
2015-02-10,116.6639,30.3335,24.3834,28.8799,42.7744
2015-02-11,116.669,30.7771,24.5886,28.8865,43.0751
2015-02-12,116.6546,31.1078,24.9342,28.8931,43.3558
2015-02-13,116.7452,31.418,25.2094,28.8997,43.5809
2015-02-15,116.7452,31.418,25.2094,28.9129,43.5809
2015-02-16,116.8223,31.4458,25.142,28.9195,43.6674
2015-02-17,116.8223,31.4458,25.142,28.926,43.6674
2015-02-18,116.8588,31.8978,25.3552,28.9326,43.8536
2015-02-19,116.8588,31.9522,25.4505,28.9392,43.954
2015-02-20,116.9274,31.7886,25.3486,28.9458,44.1967
2015-02-22,116.9274,31.7886,25.3486,28.9591,44.1967
2015-02-23,116.9984,31.6449,25.1001,28.9657,44.2119
2015-02-24,117.0714,31.6726,25.0551,28.9723,44.3655
2015-02-25,117.136,31.5283,25.0647,28.9789,44.5169
2015-02-26,117.1316,31.1419,24.7007,28.9857,44.2141
2015-02-27,117.1873,31.61,25.1922,28.9925,44.5852
2015-03-01,117.1873,31.61,25.1922,29.0062,44.5852
2015-03-02,117.2585,32.332,25.8113,29.0128,44.8413
2015-03-03,117.2102,32.7511,25.8821,29.0196,44.835
2015-03-04,117.4492,32.6889,25.7662,29.0269,44.7062
2015-03-05,117.4822,33.0907,25.7857,29.034,44.9791
2015-03-08,117.4822,33.0907,25.7857,29.0546,44.9791
2015-03-09,117.449,32.6533,25.3653,29.0612,44.8287
2015-03-10,117.4224,32.4392,25.2727,29.068,44.8872
2015-03-11,117.412,32.4226,25.1691,29.0746,44.9324
2015-03-12,117.4767,32.6953,25.4292,29.0813,45.1561
2015-03-13,117.3557,32.3025,24.9985,29.0881,44.7963
2015-03-15,117.3557,32.3025,24.9985,29.1021,44.7963
2015-03-16,117.4257,32.2082,24.9966,29.1089,44.7028
2015-03-17,117.4812,32.5896,25.2614,29.1157,44.8675
2015-03-18,117.4713,32.5553,25.1868,29.1225,45.2129
2015-03-19,117.5422,32.4866,25.0654,29.1293,45.5074
2015-03-20,117.6167,32.3691,24.8457,29.1361,45.3497
2015-03-22,117.6167,32.3691,24.8457,29.15,45.3497
2015-03-23,117.6634,32.2228,24.6014,29.1566,45.2108
2015-03-24,117.7014,32.1688,24.5289,29.1631,45.6127
2015-03-25,117.721,31.8863,24.601,29.1698,45.8806
2015-03-26,117.7366,31.3885,24.1744,29.1768,45.4437
2015-03-27,117.7888,31.4144,24.2816,29.1838,45.4589
2015-03-29,117.7888,31.4144,24.2816,29.1978,45.4589
2015-03-30,117.8781,31.906,24.7205,29.2056,45.7778
2015-03-31,118.0538,31.9463,24.8173,29.2191,45.8432
2015-04-01,118.0538,32.3301,24.9774,29.2191,45.8432
2015-04-05,118.0538,32.3301,24.9774,29.2588,45.8432
2015-04-06,118.3359,32.6869,25.1357,29.2665,46.6118
2015-04-07,118.3426,32.6857,25.0988,29.2735,46.6399
2015-04-08,118.3201,32.9273,25.3594,29.2801,46.5189
2015-04-09,118.4202,33.1982,25.4355,29.2871,46.6422
2015-04-10,118.4427,33.136,25.4342,29.2936,46.7435
2015-04-12,118.4427,33.136,25.4342,29.3073,46.7435
2015-04-13,118.5303,33.2823,25.4607,29.314,47.1096
2015-04-14,118.5303,33.2823,25.4607,29.3208,47.1096
2015-04-15,118.5848,33.0515,25.2197,29.3276,47.3503
2015-04-16,118.6022,32.8264,25.0457,29.3343,47.308
2015-04-17,118.6016,32.3058,24.7472,29.3411,46.9038
2015-04-19,118.6016,32.3058,24.7472,29.3548,46.9038
2015-04-20,118.6696,31.8738,24.3175,29.3616,46.8014
2015-04-21,118.7199,31.5093,24.2302,29.3684,46.6495
2015-04-22,118.7833,31.5142,24.2623,29.3751,46.7639
2015-04-23,118.7552,31.4737,24.1274,29.3819,46.7161
2015-04-24,118.7424,30.8648,23.807,29.3887,46.145
2015-04-26,118.7424,30.8648,23.807,29.4023,46.145
2015-04-27,118.7981,30.3803,23.6176,29.409,45.4246
2015-04-28,118.8214,30.6372,23.9604,29.4158,45.9896
2015-04-29,118.7676,30.829,23.9581,29.4227,46.4326
2015-04-30,118.6387,30.8966,23.8871,29.4294,46.1647
2015-05-04,118.6387,31.2359,24.2991,29.4569,46.3984
2015-05-05,118.7349,31.3228,24.2251,29.4635,46.5402
2015-05-06,118.6148,30.494,23.4804,29.4702,45.8819
2015-05-07,118.376,30.1706,23.2601,29.4768,45.5237
2015-05-08,118.3858,30.7078,23.5699,29.4835,45.7721
2015-05-10,118.3858,30.7078,23.5699,29.497,45.7721
2015-05-11,118.671,31.2258,23.9045,29.5038,46.2114
2015-05-12,118.5949,30.732,23.3741,29.5106,45.8605
2015-05-13,118.5796,31.1284,23.7317,29.5174,46.19
2015-05-14,118.5984,31.1969,23.8744,29.5243,46.1093
2015-05-15,118.638,31.4703,23.9606,29.531,46.433
2015-05-17,118.638,31.4703,23.9606,29.5448,46.433
2015-05-18,118.8277,31.7115,24.2303,29.5519,46.5611
2015-05-19,119.0042,31.6987,24.2613,29.5588,46.6403
2015-05-20,119.0625,31.865,24.3303,29.5655,46.756
2015-05-21,119.0962,31.9179,24.4188,29.5726,46.8116
2015-05-22,119.1641,32.0902,24.4413,29.5794,46.8631
2015-05-24,119.1641,32.0902,24.4413,29.5925,46.8631
2015-05-25,119.2195,31.9221,24.3027,29.5994,46.7232
2015-05-26,119.1981,31.7168,24.2644,29.6063,46.7688
2015-05-27,119.2361,31.4793,24.3084,29.6131,46.8735
2015-05-28,119.3367,31.3662,24.3028,29.6199,47.0061
2015-05-29,119.4459,31.8416,24.5983,29.6269,47.2812
2015-05-31,119.4459,31.8416,24.5983,29.64,47.2812
2015-06-01,119.5416,31.6586,24.5501,29.647,47.2125
2015-06-02,119.1982,31.1166,24.0843,29.6537,46.7161
2015-06-03,119.0994,30.7576,23.7295,29.6605,46.306
2015-06-04,118.9151,30.815,23.8115,29.6673,46.4376
2015-06-05,119.0347,30.7798,23.7208,29.6739,46.5337
2015-06-07,119.0347,30.7798,23.7208,29.6871,46.5337
2015-06-08,119.0629,30.4278,23.48,29.6937,46.2913
2015-06-09,119.1989,30.29,23.4042,29.7004,45.844
2015-06-10,119.091,30.6897,23.7336,29.7071,46.4116
2015-06-11,118.8986,30.2249,23.2339,29.7137,45.8397
2015-06-12,118.8557,30.0924,23.2541,29.7203,46.042
2015-06-14,118.8557,30.0924,23.2541,29.7336,46.042
2015-06-15,119.029,30.2065,23.3314,29.7401,45.9768
2015-06-16,118.9396,30.2884,23.422,29.7466,46.0275
2015-06-17,119.1569,30.5807,23.6298,29.7532,46.1466
2015-06-18,119.5056,31.0028,23.9182,29.7597,46.288
2015-06-19,119.761,31.1488,23.9869,29.7664,46.3519
2015-06-21,119.761,31.1488,23.9869,29.7793,46.3519
2015-06-22,119.7631,31.5446,24.314,29.7858,46.7138
2015-06-23,119.7242,31.6685,24.4327,29.7923,46.7231
2015-06-24,119.586,31.6101,24.3374,29.7989,46.6983
2015-06-25,119.4568,31.7998,24.4484,29.8054,46.6303
2015-06-26,119.5192,31.7973,24.4435,29.8121,46.6247
2015-06-28,119.5192,31.7973,24.4435,29.8251,46.6247
2015-06-29,119.3389,31.4268,24.1628,29.8317,46.3877
2015-06-30,119.4628,31.6504,24.3172,29.8396,46.4944
2015-07-01,119.6428,31.9387,24.6845,29.8462,46.7598
2015-07-02,119.7538,32.0166,24.7617,29.8528,46.75
2015-07-03,119.8612,32.0196,24.8297,29.8595,46.9281
2015-07-05,119.8612,32.0196,24.8297,29.8724,46.9281
2015-07-06,120.0581,32.1055,24.989,29.8791,46.9771
2015-07-07,120.0419,32.1924,24.98,29.8856,47.0003
2015-07-08,120.0759,31.7819,24.7241,29.8921,46.5091
2015-07-09,120.0964,31.6663,24.6404,29.8986,46.5648
2015-07-10,120.1484,31.8118,24.8298,29.9052,46.7161
2015-07-12,120.1484,31.8118,24.8298,29.9184,46.7161
2015-07-13,119.9544,32.1829,25.1261,29.9249,47.0181
2015-07-14,120.0999,32.1318,25.0818,29.9315,47.0765
2015-07-15,120.1371,32.3862,25.215,29.938,47.1169
2015-07-16,120.1474,32.751,25.4921,29.9445,47.5014
2015-07-17,120.1974,32.7746,25.5135,29.9511,47.4565
2015-07-19,120.1974,32.7746,25.5135,29.9643,47.4565
2015-07-20,120.227,32.8068,25.486,29.9708,47.3233
2015-07-21,120.2742,32.3062,25.2492,29.9774,46.7045
2015-07-22,120.3286,32.4932,25.5973,29.9839,46.9556
2015-07-23,120.4142,32.3357,25.6279,29.9904,46.9692
2015-07-24,120.411,32.3235,25.3293,29.997,46.8783
2015-07-26,120.411,32.3235,25.3293,30.0102,46.8783
2015-07-27,120.5074,31.928,24.8146,30.0166,46.6649
2015-07-28,120.7053,31.9281,24.8213,30.0231,46.7418
2015-07-29,120.7768,32.2103,25.0338,30.0296,46.9588
2015-07-30,120.7773,32.3404,25.1135,30.0361,46.9749
2015-07-31,120.858,32.467,25.3581,30.0425,47.2648
2015-08-02,120.858,32.467,25.3581,30.0556,47.2648
2015-08-03,120.9192,32.4681,25.3743,30.062,47.2923
2015-08-04,120.8481,32.8123,25.3628,30.0685,47.4579
2015-08-05,120.864,33.2522,25.5498,30.075,47.4126
2015-08-06,120.9792,33.3743,25.7285,30.0813,47.273
2015-08-07,120.9962,33.4199,25.6753,30.0879,47.2899
2015-08-09,120.9962,33.4199,25.6753,30.1011,47.2899
2015-08-10,121.1234,33.3264,25.5996,30.1076,47.2341
2015-08-11,121.1502,33.2314,25.3892,30.1139,47.1728
2015-08-12,121.1846,32.8422,24.9941,30.1204,46.8326
2015-08-13,121.3935,32.8864,25.0586,30.1267,46.8814
2015-08-14,121.4723,33.5072,25.5171,30.1332,47.0322
2015-08-16,121.4723,33.5072,25.5171,30.1463,47.0322
2015-08-17,121.5407,33.5512,25.4857,30.1524,47.1359
2015-08-18,121.5407,33.646,25.5622,30.1587,47.1036
2015-08-19,121.6068,33.9152,25.7371,30.1649,47.1937
2015-08-20,121.6568,33.4963,25.25,30.1712,46.9203
2015-08-21,121.5475,33.2579,25.0656,30.1777,46.8112
2015-08-23,121.5475,33.2579,25.0656,30.1905,46.8112
2015-08-24,121.2877,31.2214,23.407,30.1967,44.5233
2015-08-25,121.4763,31.3289,23.8135,30.203,44.6726
2015-08-26,121.5738,31.0287,23.6063,30.2093,44.702
2015-08-27,121.6848,31.8271,23.9878,30.2156,45.2391
2015-08-28,121.688,31.8836,24.1199,30.2219,45.6951
2015-08-30,121.688,31.8836,24.1199,3023.47,45.6951
2015-08-31,121.7255,31.7904,24.0781,3024.094,45.5376
2015-09-01,121.8545,31.1741,23.4753,3024.7217,44.8299
2015-09-02,121.8592,31.1915,23.2252,3025.3461,44.6353
2015-09-03,121.8344,31.5328,23.5001,3025.9735,44.8316
2015-09-04,121.7976,30.918,23.0544,3026.5983,44.2901
2015-09-06,121.7976,30.918,23.0544,3027.9099,44.2901
2015-09-07,121.7402,30.5063,22.6228,3028.5349,43.5462
2015-09-08,121.8281,30.6846,22.9928,3029.156,43.8319
2015-09-09,121.8833,31.1632,23.4313,3029.7792,44.2422
2015-09-10,121.8109,31.1556,23.3613,3030.3753,44.1792
2015-09-11,121.8402,31.1477,23.3722,3030.9723,44.2894
2015-09-13,121.8402,31.1477,23.3722,3032.2699,44.2894
2015-09-14,121.9531,31.3515,23.5968,3032.8914,44.7141
2015-09-15,121.9858,31.2733,23.3685,3033.5229,44.3774
2015-09-16,121.9789,31.3223,23.5121,3034.1444,44.237
2015-09-17,121.9789,31.3223,23.5121,3034.7669,44.237
2015-09-18,122.2648,31.7732,23.7631,3035.4112,44.5479
2015-09-20,122.2648,31.7732,23.7631,3036.6963,44.5479
2015-09-21,122.338,31.8538,23.7417,3037.3316,44.6135
2015-09-22,122.3174,31.3324,23.3928,3037.9614,44.4494
2015-09-23,122.3206,31.4679,23.4782,3038.592,44.4909
2015-09-24,122.3672,31.6422,23.5282,3039.2221,44.3923
2015-09-27,122.3672,31.6422,23.5282,3041.1659,44.3923
2015-09-28,122.4558,31.4118,23.2893,3041.805,44.3226
2015-09-29,123.1053,31.5043,23.3434,3042.6718,44.1961
2015-09-30,123.4889,31.6634,23.5371,3043.4443,44.3665
2015-10-01,123.4236,31.6707,23.4492,3044.1152,44.6241
2015-10-04,123.4236,31.6707,23.4492,3046.0815,44.6241
2015-10-05,123.7102,32.0854,23.8972,3046.7171,45.0293
2015-10-06,123.7049,32.0778,23.9205,3047.348,45.1132
2015-10-07,123.6703,32.1395,24.0002,3047.9811,44.9819
2015-10-08,123.7508,32.0108,23.8578,3048.6109,44.8145
2015-10-09,123.8076,32.0619,23.9808,3049.2565,44.9104
2015-10-11,123.8076,32.0619,23.9808,3050.5247,44.9104
2015-10-12,123.7532,32.0015,23.9224,3051.1526,44.825
2015-10-13,123.7951,31.9182,23.8587,3051.7763,44.8045
2015-10-14,123.8612,31.9508,23.82,3052.405,44.5964
2015-10-15,123.9272,32.018,24.0433,3053.0272,44.667
2015-10-16,123.9423,32.1644,24.2571,3053.6683,44.838
2015-10-18,123.9423,32.1644,24.2571,3054.9508,44.838
2015-10-19,124.0158,32.2097,24.3698,3055.572,44.922
2015-10-20,124.0561,32.394,24.4647,3056.1957,45.1077
2015-10-21,124.0459,32.2841,24.3804,3056.838,45.0324
2015-10-22,124.0459,32.2841,24.3804,3057.4803,45.0324
2015-10-23,124.1065,32.3006,24.4185,3058.104,45.0661
2015-10-25,124.1065,32.3006,24.4185,3059.3499,45.0661
2015-10-26,124.0884,32.197,24.3338,3059.9919,44.9807
2015-10-27,124.1443,32.2086,24.4353,3060.6123,45.0271
2015-10-28,124.2162,32.1179,24.1553,3061.2513,44.8136
2015-10-29,124.1596,31.9364,23.9492,3061.871,44.8136
2015-10-30,124.1571,32.0137,23.9588,3062.5204,44.5302
2015-11-01,124.1571,32.0137,23.9588,3063.8107,44.5302
2015-11-02,124.2771,31.8613,24.0093,3064.428,44.3965
2015-11-03,124.2894,31.877,24.14,3065.0468,44.4502
2015-11-04,124.2333,31.7151,24.1744,3065.6646,44.4368
2015-11-05,124.1902,31.2215,23.8487,3066.2883,44.4522
2015-11-06,124.1927,31.0676,23.9408,3066.9314,44.5155
2015-11-08,124.1927,31.0676,23.9408,3068.2149,44.5155
2015-11-09,124.1346,30.9535,24.0569,3068.8375,44.5404
2015-11-10,124.236,30.5802,23.6048,3069.476,44.2844
2015-11-12,124.236,30.5802,23.6048,3070.7243,44.2844
2015-11-13,124.4146,30.5901,23.6023,3071.3642,44.4947
2015-11-15,124.4146,30.5901,23.6023,3072.6355,44.4947
2015-11-16,124.5039,30.5676,23.6464,3073.2585,44.3086
2015-11-17,124.471,30.7813,23.6869,3073.8901,44.3976
2015-11-18,124.4731,30.6824,23.3993,3074.5085,44.3369
2015-11-19,124.5005,31.1586,23.7152,3075.1328,44.5686
2015-11-20,124.4288,31.2654,23.7739,3075.6872,44.6006
2015-11-22,124.4288,31.2654,23.7739,3076.982,44.6006
2015-11-23,124.4523,31.1561,23.8062,3077.5969,44.5719
2015-11-24,124.5215,31.0188,23.7693,3078.2189,44.6079
2015-11-25,124.5215,31.0188,23.7693,3078.8659,44.6079
2015-11-26,124.5172,31.0137,23.8873,3079.5045,44.7056
2015-11-27,124.423,31.2358,24.0645,3080.137,44.7518
2015-11-29,124.423,31.2358,24.0645,3081.3229,44.7518
2015-11-30,124.4419,31.1953,24.0853,3081.933,44.8851
2015-12-01,124.6288,31.2789,24.1287,3082.5388,44.8963
2015-12-02,124.6293,31.1498,23.9763,3083.1525,44.8814
2015-12-03,124.7928,30.986,23.8826,3083.7681,44.8663
2015-12-04,124.672,30.7805,23.6939,3084.3877,44.8993
2015-12-06,124.672,30.7805,23.6939,3085.6465,44.8993
2015-12-07,124.7185,30.8644,23.6828,3086.2556,44.875
2015-12-08,124.6356,30.6797,23.5217,3086.8712,44.6029
2015-12-09,124.6578,30.3766,23.1808,3087.4736,43.9016
2015-12-10,124.6787,30.5499,23.3611,3088.0813,44.3488
2015-12-11,124.7011,30.2825,23.1149,3088.6927,44.0887
2015-12-13,124.7011,30.2825,23.1149,3089.9734,44.0887
2015-12-14,124.6657,30.4039,23.1611,3090.5792,44.0177
2015-12-15,124.6736,30.6459,23.3506,3091.2349,44.1356
2015-12-16,124.852,30.8023,23.4669,3091.8707,44.7086
2015-12-17,124.9378,31.265,23.7584,3092.5023,44.9241
2015-12-18,124.8784,31.0875,23.5299,3093.1513,44.7304
2015-12-20,124.8784,31.0875,23.5299,3094.4618,44.7304
2015-12-21,124.826,31.0622,23.7742,3095.1029,44.8511
2015-12-22,124.8958,31.0584,23.6914,3095.7407,44.9345
2015-12-23,125.0151,31.2991,23.8732,3096.3937,45.0817
2015-12-24,125.0151,31.3257,23.8664,3096.3937,45.0668
2015-12-27,125.0151,31.3257,23.8664,3098.9965,45.0668
2015-12-28,125.1004,31.523,24.0376,3099.6221,45.1978
2015-12-29,125.097,31.6454,24.0464,3100.264,45.1986
2015-12-30,125.18,31.5605,23.9469,3100.9072,45.1147
2015-12-31,125.202,31.7424,24.0469,3101.6925,45.4427
2016-01-01,125.3359,31.9147,24.1592,3102.3838,45.5737
2016-01-03,125.3359,31.9147,24.1592,3103.5954,45.5737
2016-01-04,125.4695,31.4808,23.6582,3104.225,45.2516
2016-01-05,125.538,31.4237,23.6725,3104.8751,45.5268
2016-01-06,125.5842,31.4329,23.6076,3105.5455,45.5699
2016-01-07,125.6648,30.9356,23.024,3106.1847,45.6282
2016-01-08,125.7146,31.11,23.1295,3106.8293,45.9423
2016-01-10,125.7146,31.11,23.1295,3108.1152,45.9423
2016-01-11,125.7259,30.8995,23.017,3108.7484,45.4949
2016-01-12,125.6591,30.6696,22.8466,3109.3768,45.0379
2016-01-13,125.6079,30.6532,22.9722,3110.017,44.6923
2016-01-14,125.5527,30.4179,22.7351,3110.6499,44.4203
2016-01-15,125.4498,30.0061,22.2522,3111.2911,43.8217
2016-01-17,125.4498,30.0061,22.2522,3112.5858,43.8217
2016-01-18,125.4931,29.358,21.8577,3113.2147,43.4943
2016-01-19,125.6369,29.6193,22.1989,3113.8248,43.9695
2016-01-20,125.7354,29.3219,21.7905,3114.4613,43.3523
2016-01-21,125.8865,29.2132,21.6986,3115.0846,43.3958
2016-01-22,125.8176,29.7542,22.1803,3115.7175,43.7916
2016-01-24,125.8176,29.7542,22.1803,3116.9944,43.7916
2016-01-25,125.8071,29.9893,22.1872,3117.612,44.1217
2016-01-26,125.8071,29.9893,22.1872,3118.2575,44.1217
2016-01-27,125.8925,30.1079,22.2157,3118.8894,44.2096
2016-01-28,125.8512,29.9832,22.1207,3119.5284,44.0616
2016-01-29,125.9632,30.6268,22.3623,3120.1605,44.524
2016-01-31,125.9632,30.6268,22.3623,3121.4624,44.524
2016-02-01,125.9933,30.6624,22.3199,3122.1056,44.4463
2016-02-02,125.809,30.2285,21.9913,3122.7447,44.0882
2016-02-03,125.7466,29.9633,21.6981,3123.3797,43.6238
2016-02-04,125.8428,30.15,21.8202,3124.0179,43.5567
2016-02-05,125.9207,30.5141,22.1293,3124.6154,44.0239
2016-02-07,125.9207,30.5141,22.1293,3125.9741,44.0239
2016-02-08,125.9596,30.2905,21.931,3126.6269,44.0482
2016-02-09,125.937,29.8739,21.511,3127.2983,43.8215
2016-02-10,125.9592,29.6319,21.2345,3127.9645,43.773
2016-02-11,125.9517,28.6778,20.5606,3128.6196,42.9294
2016-02-12,125.9254,28.5467,20.335,3129.2884,42.8915
2016-02-14,125.9254,28.5467,20.335,3130.6152,42.8915
2016-02-15,125.8746,29.0124,21.1626,3131.2698,43.5587
2016-02-16,125.7149,28.5158,20.6254,3131.9276,43.0777
2016-02-17,125.6237,28.6926,20.7377,3132.5846,43.2199
2016-02-18,125.6948,28.8928,20.8984,3133.2112,43.3155
2016-02-19,125.6948,28.8974,20.9572,3133.2112,43.2208
2016-02-21,125.6948,28.8974,20.9572,3135.2388,43.2208
2016-02-22,125.6262,29.0003,21.0577,3135.8917,43.5553
2016-02-23,125.3408,28.6382,20.7066,3136.5331,43.25
2016-02-24,125.2591,28.2435,20.4871,3137.1609,42.8792
2016-02-25,124.949,28.0521,20.2073,3137.7835,42.7945
2016-02-26,125.1214,28.0774,20.3822,3138.3921,42.7921
2016-02-28,125.1214,28.0774,20.3822,3139.7574,42.7921
2016-02-29,126.2203,28.1303,20.3216,3140.4691,42.6259
2016-03-01,126.3215,28.7737,20.9882,3141.1679,43.3789
2016-03-02,126.329,29.2089,21.4877,3141.8721,43.6878
2016-03-03,126.2671,29.5679,21.8293,3142.5577,44.222
2016-03-04,126.4923,29.5697,21.8207,3143.2208,44.3695
2016-03-07,126.4923,29.5697,21.8207,3145.2805,44.3695
2016-03-08,126.6189,29.5397,21.7427,3145.9221,44.3815
2016-03-09,126.6695,29.5713,21.8384,3146.6036,44.4453
2016-03-10,126.723,29.5812,21.6154,3147.2584,44.3317
2016-03-11,126.7653,29.6476,21.6799,3147.9784,44.2162
2016-03-13,126.7653,29.6476,21.6799,3149.4017,44.2162
2016-03-14,127.0352,29.7399,21.7934,3150.2227,44.2556
2016-03-15,127.1887,29.3713,21.6629,3150.9635,43.8922
2016-03-16,127.3719,29.3725,21.7742,3151.6748,44.2036
2016-03-17,127.7124,29.4553,21.8864,3152.4093,44.37
2016-03-18,127.7673,29.6795,22.1565,3153.1528,44.4373
2016-03-20,127.7673,29.6795,22.1565,3154.5758,44.4373
2016-03-21,128.0543,30.1955,22.5146,3155.2912,44.731
2016-03-22,128.0579,30.256,22.621,3155.9923,45.0016
2016-03-23,128.0675,30.2639,22.5952,3156.4726,45.1516
2016-03-27,128.0675,30.2639,22.5952,3159.3598,45.1516
2016-03-28,128.3103,29.9016,22.261,3159.9847,44.4202
2016-03-29,128.2341,29.858,22.2831,3160.7439,44.3582
2016-03-30,128.2653,30.2039,22.7469,3161.7279,44.7303
2016-03-31,128.5789,30.3426,22.7305,3163.9749,44.9562
2016-04-01,128.5789,30.3141,22.7749,3163.9749,44.909
2016-04-03,128.5789,30.3141,22.7749,3166.6893,44.909
2016-04-04,129.038,30.3538,22.8388,3167.5146,44.8367
2016-04-05,129.0831,29.9676,22.2847,3168.3416,44.5675
2016-04-06,129.1903,30.0595,22.2747,3169.0079,44.7046
2016-04-07,129.3494,29.8722,22.0958,3169.7482,44.5633
2016-04-08,129.3494,29.9438,22.1561,3169.7482,44.622
2016-04-10,129.3494,29.9438,22.1561,3171.9299,44.622
2016-04-11,129.6038,30.2098,22.4342,3172.6688,44.7769
2016-04-12,129.6858,30.4671,22.6159,3173.3481,44.8656
2016-04-13,129.5595,30.947,22.9962,3174.0609,45.259
2016-04-17,129.5595,30.947,22.9962,3176.9229,45.259
2016-04-18,129.752,31.1123,23.1322,3177.6109,45.5604
2016-04-19,129.752,31.1123,23.1322,3178.2989,45.5604
2016-04-20,129.7601,31.1638,23.135,3178.9937,45.5324
2016-04-21,129.6356,31.058,23.2232,3179.6725,45.4675
2016-04-22,129.7155,30.9638,23.2899,3180.3791,45.4468
2016-04-24,129.7155,30.9638,23.2899,3181.7971,45.4468
2016-04-25,129.7723,30.7373,23.1021,3182.4759,45.3364
2016-04-26,129.7797,31.1508,23.3473,3183.167,45.493
2016-04-27,129.7993,31.2075,23.2149,3183.8524,45.4187
2016-04-28,129.8405,30.8209,22.8054,3184.5522,45.131
2016-04-29,129.9119,30.9525,22.7631,3185.241,45.2944
2016-05-01,129.9119,30.9525,22.7631,3186.6296,45.2944
2016-05-02,129.9765,30.9972,22.6677,3187.328,45.4856
2016-05-03,129.9719,30.7931,22.4577,3188.0279,45.2541
2016-05-04,130.0353,30.6917,22.2164,3188.7163,45.0089
2016-05-05,130.0702,30.8117,22.3476,3189.4069,44.7328
2016-05-06,130.0972,30.7528,22.3996,3190.0927,45.2183
2016-05-08,130.0972,30.7528,22.3996,3191.5075,45.2183
2016-05-09,130.2163,31.123,22.757,3192.1855,45.8245
2016-05-10,130.2617,31.219,22.8087,3192.864,45.8958
2016-05-11,130.3016,31.2078,22.7257,3193.5508,46.103
2016-05-12,130.371,31.3966,22.8837,3194.2406,46.361
2016-05-13,130.3528,31.161,22.7227,3194.928,46.1965
2016-05-15,130.3528,31.161,22.7227,3196.3182,46.1965
2016-05-16,130.426,31.3438,22.6867,3197.0099,45.9558
2016-05-17,130.4413,31.4794,22.8349,3197.6936,45.991
2016-05-18,130.4225,31.3772,22.7496,3198.4011,46.2503
2016-05-19,130.4821,31.0627,22.4418,3199.0833,45.9576
2016-05-20,130.4614,31.0005,22.3326,3199.7975,45.456
2016-05-22,130.4614,31.0005,22.3326,3201.1418,45.456
2016-05-23,130.5755,30.9309,22.2697,3201.822,45.2863
2016-05-24,130.6043,30.7811,22.2477,3202.4885,45.2422
2016-05-25,130.6325,31.3403,22.766,3203.1676,45.6852
2016-05-26,130.6326,31.8498,23.2084,3203.8147,45.7658
2016-05-27,130.6615,32.2214,23.413,3204.4825,46.1269
2016-05-29,130.6615,32.2214,23.413,3205.8183,46.1269
2016-05-30,130.7441,32.3577,23.4529,3206.47,45.9932
2016-05-31,130.7549,32.2497,23.5294,3207.1892,45.7905
2016-06-01,130.7344,32.4008,23.4935,3207.8852,45.9132
2016-06-02,130.7746,32.4416,23.6277,3208.578,45.8856
2016-06-03,130.8097,32.354,23.5755,3209.248,46.0204
2016-06-05,130.8097,32.354,23.5755,3210.5478,46.0204
2016-06-06,130.9418,32.3609,23.6339,3211.27,45.9507
2016-06-07,130.9498,32.5025,23.89,3211.9477,45.9444
2016-06-08,130.9713,32.5067,24.0318,3212.6384,46.1363
2016-06-09,131.006,32.3337,23.9139,3213.2888,46.1665
2016-06-10,131.0328,32.2419,23.7818,3213.9764,46.0846
2016-06-12,131.0328,32.2419,23.7818,3215.3314,46.0846
2016-06-13,131.0126,32.0592,23.6063,3216.0085,45.9779
2016-06-14,131.0472,32.1206,23.6765,3216.6962,46.0534
2016-06-15,131.088,32.3829,23.9778,3217.3867,46.2784
2016-06-16,131.1648,32.2203,23.8671,3218.0488,46.076
2016-06-17,131.1983,32.2788,23.9414,3218.6867,46.0859
2016-06-19,131.1983,32.2788,23.9414,3220.0235,46.0859
2016-06-20,131.2455,32.419,24.0874,3220.6629,45.9361
2016-06-21,131.3168,32.4078,24.0185,3221.3228,46.0443
2016-06-22,131.4024,32.3207,23.9513,3221.9762,46.3291
2016-06-23,131.4681,32.4123,24.1395,3222.6357,46.7506
2016-06-24,131.4875,31.8532,23.5903,3223.2605,46.3518
2016-06-26,131.4875,31.8532,23.5903,3224.6494,46.3518
2016-06-27,131.6653,32.0321,23.6954,3225.3149,46.6667
2016-06-28,131.7077,32.2537,23.713,3225.9881,46.274
2016-06-29,131.8008,32.5781,23.9857,3226.6535,46.3677
2016-06-30,131.8646,32.8316,24.2262,3227.4877,46.6178
2016-07-01,132.0459,32.8312,24.5517,3228.2491,46.6441
2016-07-03,132.0459,32.8312,24.5517,3229.5843,46.6441
2016-07-04,132.1492,32.927,24.7625,3230.2398,46.68
2016-07-05,132.3858,32.8067,24.6453,3230.9013,46.8559
2016-07-06,132.3858,32.8067,24.6453,3231.5512,46.8559
2016-07-07,132.5112,32.7902,24.5086,3232.2341,46.8895
2016-07-08,132.5679,32.7291,24.4277,3232.8805,46.8158
2016-07-10,132.5679,32.7291,24.4277,3234.1729,46.8158
2016-07-11,132.6835,33.1952,24.7714,3234.8239,47.0822
2016-07-12,133.0156,33.343,24.9903,3235.4789,46.7207
2016-07-13,133.3212,33.3,24.9425,3236.1354,46.4546
2016-07-14,133.3927,33.4704,25.1244,3236.8338,46.5461
2016-07-15,133.4658,33.5625,25.0888,3237.4948,46.2723
2016-07-17,133.4658,33.5625,25.0888,3238.7807,46.2723
2016-07-18,133.4825,33.468,25.0025,3239.418,46.0924
2016-07-19,133.6134,33.4857,25.1137,3240.0509,46.0677
2016-07-20,133.7495,33.7924,25.3408,3240.6932,46.0671
2016-07-21,133.8544,33.6839,25.1093,3241.3324,45.9055
2016-07-22,133.9622,33.8753,25.229,3241.9722,46.0221
2016-07-24,133.9622,33.8753,25.229,3243.2429,46.0221
2016-07-25,134.0989,34.2216,25.5399,3243.8699,46.28
2016-07-26,134.1531,34.0496,25.4165,3244.5138,46.1495
2016-07-27,134.1788,34.2683,25.5884,3245.1498,46.2059
2016-07-28,134.5985,34.7497,25.7223,3245.7931,46.2087
2016-07-29,134.7325,34.7703,25.5813,3246.4186,46.0838
2016-07-31,134.7325,34.7703,25.5813,3247.6269,46.0838
2016-08-01,134.9712,34.7983,25.4483,3248.2477,46.1563
2016-08-02,134.8488,34.7268,25.4105,3248.8641,45.8112
2016-08-03,134.7377,34.2669,25.1746,3249.5571,45.6467
2016-08-04,134.8655,34.3186,25.1597,3250.169,45.6577
2016-08-05,134.9377,34.6599,25.6611,3250.7934,46.6448
2016-08-07,134.9377,34.6599,25.6611,3252.0719,46.6448
2016-08-08,135.0387,34.8229,25.7013,3252.7127,47.0299
2016-08-09,135.3606,34.7366,25.6157,3253.3384,46.7295
2016-08-10,135.5838,34.2988,25.2349,3253.9374,46.2506
2016-08-11,135.8291,34.3164,25.2549,3254.5885,46.2581
2016-08-12,135.8182,34.4515,25.544,3255.189,46.2355
2016-08-15,135.8182,34.4515,25.544,3257.1109,46.2355
2016-08-16,135.8902,34.3404,25.6503,3257.7361,46.1133
2016-08-17,135.8902,34.3508,25.7367,3258.3493,46.7313
2016-08-18,135.7343,34.4924,25.8291,3258.9676,46.7615
2016-08-19,135.8687,34.4209,25.9854,3259.5958,46.8997
2016-08-21,135.8687,34.4209,25.9854,3260.8526,46.8997
2016-08-22,135.7183,34.2859,25.8428,3261.4735,46.6548
2016-08-23,135.7506,34.3065,25.8432,3262.0914,46.5501
2016-08-24,135.9112,34.4618,25.9841,3262.7101,46.9027
2016-08-25,136.0296,34.3744,25.9146,3263.3265,46.7728
2016-08-26,136.0743,34.3923,25.8572,3263.9616,46.5909
2016-08-28,136.0743,34.3923,25.8572,3265.1935,46.5909
2016-08-29,136.2205,34.3049,25.9582,3265.8052,46.5897
2016-08-30,136.312,34.726,26.3124,3266.3862,46.8265
2016-08-31,136.3515,34.8669,26.4558,3267.016,46.7573
2016-09-01,136.3584,34.8799,26.4371,3267.6127,46.4749
2016-09-02,136.3517,34.9656,26.5166,3268.2219,46.6252
2016-09-05,136.3517,34.9656,26.5166,3270.1044,46.6252
2016-09-06,136.541,35.2977,26.9959,3270.7148,46.8287
2016-09-07,136.7979,35.1675,27.1298,3271.3271,46.8986
2016-09-08,136.8589,35.3805,27.1191,3271.9333,46.9793
2016-09-09,136.9063,35.1591,26.8397,3272.5127,46.7809
2016-09-11,136.9063,35.1591,26.8397,3273.7481,46.7809
2016-09-12,136.85,34.5872,26.2624,3274.3642,46.183
2016-09-13,136.85,34.5872,26.2624,3274.9709,46.183
2016-09-14,136.8219,34.5255,26.3941,3275.5936,46.3593
2016-09-15,136.8926,34.6304,26.3838,3276.2065,46.3212
2016-09-16,136.971,34.8283,26.4984,3276.801,46.4991
2016-09-18,136.971,34.8283,26.4984,3278.0521,46.4991
2016-09-19,137.0139,34.7558,26.5552,3278.663,46.5887
2016-09-20,136.9986,34.6832,26.5521,3279.2752,46.4957
2016-09-21,137.097,34.6859,26.5013,3279.876,46.4944
2016-09-22,137.4241,35.0227,26.8705,3280.4814,46.727
2016-09-23,137.5601,34.9991,26.8241,3281.1054,46.6784
2016-09-25,137.5601,34.9991,26.8241,3282.3437,46.6784
2016-09-26,137.8324,34.7529,26.5369,3282.9408,46.3804
2016-09-27,137.947,34.7497,26.4832,3283.5518,46.306
2016-09-28,138.0284,34.8625,26.5987,3284.1669,46.4962
2016-09-29,137.7307,34.3278,25.9673,3284.7643,45.7798
2016-09-30,137.8665,34.5758,26.2954,3285.5718,46.0515
2016-10-02,137.8665,34.5758,26.2954,3286.984,46.0515
2016-10-03,138.2415,35.2722,26.714,3287.5974,46.5561
2016-10-04,138.5007,35.3535,26.8853,3288.2173,46.5193
2016-10-05,138.9268,35.3256,26.8287,3288.8341,46.5896
2016-10-06,138.8924,35.2964,26.7141,3289.4548,46.4291
2016-10-07,138.7764,35.1869,26.7255,3290.0718,46.4383
2016-10-09,138.7764,35.1869,26.7255,3291.3016,46.4383
2016-10-10,139.0035,35.1907,26.6654,3291.8892,46.6929
2016-10-12,139.0035,35.1907,26.6654,3293.0718,46.6929
2016-10-13,138.9711,34.7014,26.2504,3293.6862,45.9896
2016-10-14,138.8584,34.7682,26.4532,3294.2376,46.1983
2016-10-16,138.8584,34.7682,26.4532,3295.5288,46.1983
2016-10-17,138.8696,34.3414,26.3385,3296.1379,46.4484
2016-10-18,138.9771,34.8396,26.8552,3296.7442,46.9436
2016-10-19,138.9686,34.7616,26.8289,3297.3496,47.0649
2016-10-20,138.92,34.8173,26.9608,3297.9555,47.1875
2016-10-21,138.9252,35.0213,26.9751,3298.5155,46.8826
2016-10-23,138.9252,35.0213,26.9751,3299.7659,46.8826
2016-10-24,138.9892,35.0094,26.9649,3300.377,46.9967
2016-10-25,138.917,35.0645,26.9049,3300.9863,47.111
2016-10-26,138.9324,35.19,26.5422,3301.5958,46.6357
2016-10-27,138.8932,35.1056,26.4065,3302.2025,46.581
2016-10-28,138.9002,35.2742,26.5327,3302.8225,46.6386
2016-10-31,138.9002,35.2742,26.5327,3304.6573,46.6386
2016-11-01,138.9285,35.3692,26.4556,3305.2766,46.714
2016-11-02,138.9201,34.8763,25.9866,3305.8902,46.4307
2016-11-03,138.9047,34.6874,25.8165,3306.5054,46.1553
2016-11-04,138.8435,34.1118,25.7192,3307.1195,45.583
2016-11-06,138.8435,34.1118,25.7192,3308.346,45.583
2016-11-07,138.9342,34.1912,26.0267,3308.9568,45.9982
2016-11-08,139.0289,34.1794,26.1779,3309.568,45.8786
2016-11-09,139.5353,33.7079,25.9815,3310.1841,45.4669
2016-11-10,139.7669,33.9122,26.4475,3310.7985,45.8432
2016-11-11,139.5813,33.0425,25.6714,3311.4206,45.2801
2016-11-14,139.5813,33.0425,25.6714,3313.2632,45.2801
2016-11-15,140.6312,31.9294,25.1317,3313.9608,44.2038
2016-11-16,141.2151,32.0917,25.0917,3314.6059,44.2087
2016-11-17,141.2957,31.9725,25.0541,3315.2236,44.2919
2016-11-18,141.2116,32.0324,25.007,3315.833,44.4224
2016-11-20,141.2116,32.0324,25.007,3317.0768,44.4224
2016-11-21,142.0013,31.465,24.3842,3317.7077,43.8571
2016-11-22,142.0614,31.7987,24.6061,3318.3199,44.0172
2016-11-23,142.3794,31.8969,24.7436,3318.9476,44.318
2016-11-24,142.9418,31.6558,24.4925,3319.7674,44.3228
2016-11-25,142.7966,32.2696,24.846,3320.2845,44.774
2016-11-27,142.7966,32.2696,24.846,3321.4727,44.774
2016-11-28,142.3286,32.2954,24.8044,3321.9533,44.7225
2016-11-29,142.2212,32.3852,24.9637,3322.5491,44.6202
2016-11-30,142.5417,32.7938,25.2121,3323.183,44.7168
2016-12-01,142.6678,32.6471,25.0419,3323.7685,44.6774
2016-12-02,142.5539,32.1706,24.711,3324.091,44.3674
2016-12-04,142.5539,32.1706,24.711,3325.3068,44.3674
2016-12-05,142.6727,32.2203,24.8573,3325.9363,44.4293
2016-12-06,142.7747,32.2736,24.9297,3326.5241,44.4492
2016-12-07,141.4759,32.0904,24.8628,3326.6282,44.2018
2016-12-08,141.328,32.6371,25.2738,3327.206,44.7777
2016-12-09,141.2674,32.5093,25.397,3327.8721,44.9309
2016-12-12,141.2674,32.25,25.1439,3329.6099,44.7589
2016-12-13,141.4149,32.3619,25.305,3330.2177,44.9278
2016-12-14,141.4995,32.1576,25.1636,3330.8499,44.7197
2016-12-15,140.9543,32.0776,25.138,3331.4481,44.6701
2016-12-16,140.9144,32.0919,25.0934,3331.9311,44.7426
2016-12-18,140.9144,32.0919,25.0934,3333.202,44.7426
2016-12-19,140.9731,31.8054,25.0737,3333.7658,44.5271
2016-12-20,141.0514,31.6173,24.8474,3334.3649,44.2162
2016-12-21,141.1187,31.5778,24.7959,3334.9395,44.0413
2016-12-22,140.8922,31.2633,24.5111,3335.4822,43.7165
2016-12-23,140.754,31.1878,24.3644,3335.9415,43.6648
2016-12-25,140.754,31.1878,24.3644,3337.3036,43.6648
2016-12-26,140.5763,30.8257,24.0174,3337.8844,43.3163
2016-12-27,140.4635,31.1393,24.3943,3338.4742,43.5595
2016-12-28,140.4799,31.384,24.4405,3339.1087,43.6725
2016-12-29,140.8539,31.7307,24.609,3339.7057,43.8966
2016-12-30,141.0653,31.8709,24.8722,3340.3831,44.2716
2017-01-01,141.0653,31.8709,24.8722,3341.6261,44.2716
2017-01-02,142.0128,31.9456,24.8896,3342.2468,44.2947
2017-01-03,141.8637,31.9537,25.0489,3342.8581,44.4973
2017-01-04,142.1884,31.8272,24.9821,3343.4504,44.5042
2017-01-05,142.1662,32.0326,25.1755,3344.0332,44.893
2017-01-06,142.1645,32.0693,25.0766,3344.6377,44.6518
2017-01-08,142.1645,32.0693,25.0766,3345.8006,44.6518
2017-01-09,142.1957,31.9912,25.0859,3346.3857,44.6436
2017-01-10,142.2226,32.1411,25.3305,3346.9752,44.604
2017-01-11,142.2559,32.4137,25.5653,3347.5491,44.7656
2017-01-12,142.4383,32.4691,25.6686,3348.1344,44.7539
2017-01-13,142.3455,32.4258,25.6832,3348.7321,44.9041
2017-01-15,142.3455,32.4258,25.6832,3349.9292,44.9041
2017-01-16,142.3247,32.4397,25.6849,3350.5195,44.8403
2017-01-17,142.4058,32.4342,25.626,3351.1052,44.8612
2017-01-18,142.3467,32.6117,25.7876,3351.7146,44.8719
2017-01-19,142.2584,32.6848,25.9411,3352.3153,44.8812
2017-01-20,142.294,32.4128,25.5789,3352.9119,44.4805
2017-01-22,142.294,32.4128,25.5789,3354.1307,44.4805
2017-01-23,142.362,32.5012,25.6994,3354.7281,44.5136
2017-01-24,142.4236,32.9095,25.8993,3355.331,44.7528
2017-01-25,142.5021,33.4747,26.1145,3355.8844,44.9529
2017-01-26,142.5021,33.4747,26.1145,3356.5187,44.9529
2017-01-27,142.5803,33.6921,26.371,3357.1171,45.3839
2017-01-29,142.5803,33.6921,26.371,3358.3187,45.3839
2017-01-30,142.6424,33.6873,26.3299,3358.9266,45.6634
2017-01-31,142.6513,33.4018,26.0445,3359.5364,45.3401
2017-02-01,142.708,33.9805,26.6348,3360.1553,45.6344
2017-02-02,142.8498,33.9741,26.8202,3360.7552,46.135
2017-02-03,142.8411,34.0524,26.8479,3361.3876,46.0294
2017-02-05,142.8411,34.0524,26.8479,3362.6327,46.0294
2017-02-06,142.8673,34.2516,27.1466,3363.2356,46.4307
2017-02-07,142.8426,34.2879,27.0582,3363.8316,46.1615
2017-02-08,141.0498,34.2462,27.077,3364.1948,46.1045
2017-02-09,140.3961,34.1633,27.1861,3364.7957,46.1113
2017-02-10,140.6958,34.2666,27.1467,3365.4149,46.1021
2017-02-12,140.6958,34.2666,27.1467,3366.6653,46.1021
2017-02-13,140.7741,34.3026,27.141,3367.2951,46.2084
2017-02-14,140.6769,34.2981,27.1432,3367.9234,46.1923
2017-02-15,140.7425,33.9591,26.9386,3368.5395,45.9069
2017-02-16,140.855,34.3374,27.3213,3369.1393,46.3536
2017-02-17,140.8544,34.5605,27.4476,3369.7884,46.5361
2017-02-19,140.8544,34.5605,27.4476,3370.9916,46.5361
2017-02-20,140.7201,34.7032,27.5539,3371.5929,46.7
2017-02-21,140.7201,34.7434,27.683,3372.1964,46.8724
2017-02-22,140.5482,34.5787,27.6601,3372.8098,46.7794
2017-02-23,140.656,34.5983,27.6276,3373.4434,46.8451
2017-02-26,140.656,34.5983,27.6276,3375.2892,46.8451
2017-02-27,140.8612,34.478,27.5559,3375.9059,46.8116
2017-02-28,140.8785,34.53,27.5949,3376.5187,46.6798
2017-03-01,140.6291,34.7051,27.7667,3377.1059,47.0151
2017-03-02,140.6931,34.4318,27.4685,3377.7013,46.725
2017-03-03,140.8939,34.2938,27.4886,3378.2907,47.2031
2017-03-05,140.8939,34.2938,27.4886,3379.5549,47.2031
2017-03-06,140.7214,34.4305,27.673,3380.131,47.3499
2017-03-07,140.6715,34.3356,27.5637,3380.7249,47.5058
2017-03-08,140.6217,34.4506,27.5182,3381.3211,47.4553
2017-03-09,140.5925,34.5838,27.4788,3381.8949,47.3759
2017-03-10,140.3602,34.6742,27.4825,3382.4619,47.2595
2017-03-13,140.3602,34.6742,27.4825,3384.2804,47.2595
2017-03-14,140.4476,35.2493,27.9109,3384.8697,47.5888
2017-03-15,140.8803,35.4595,28.0499,3385.499,47.6148
2017-03-16,141.011,35.751,28.2994,3386.1096,47.8785
2017-03-17,141.0134,35.8451,28.292,3386.6985,47.9569
2017-03-19,141.0134,35.8451,28.292,3388.0524,47.9569
2017-03-20,141.0427,35.9269,28.2515,3388.6912,48.1478
2017-03-21,141.1567,35.8909,28.1844,3389.3605,48.0443
2017-03-22,141.6441,35.7299,27.8971,3390.0157,47.7387
2017-03-23,141.7341,35.9047,28.1365,3390.6252,47.9662
2017-03-24,141.7796,36.0363,28.2564,3391.2272,47.974
2017-03-26,141.7796,36.0363,28.2564,3392.4825,47.974
2017-03-27,142.1702,35.9497,28.1739,3393.0739,48.0176
2017-03-28,142.1702,36.0397,28.3246,3393.6617,48.2353
2017-03-29,142.1405,36.1291,28.4492,3394.2784,48.1492
2017-03-30,142.2701,36.3577,28.5509,3394.8801,48.4946
2017-03-31,142.3365,36.2991,28.6533,3395.8471,48.4738
2017-04-02,142.3365,36.2991,28.6533,3397.3563,48.4738
2017-04-03,142.491,36.5586,28.911,3397.9286,48.6439
2017-04-04,142.491,36.5586,28.911,3398.5121,48.6439
2017-04-05,142.456,36.7997,29.0429,3399.1106,48.8466
2017-04-06,142.0344,36.7785,28.9812,3399.6978,48.8463
2017-04-07,141.9749,36.6454,28.95,3400.28,48.6746
2017-04-09,141.9749,36.6454,28.95,3401.4509,48.6746
2017-04-10,142.0721,36.6778,29.0389,3402.0715,48.7858
2017-04-11,142.2557,36.9007,29.3229,3402.6946,48.9793
2017-04-12,142.4196,36.8213,29.2211,3403.3109,48.8076
2017-04-13,142.5844,36.6936,29.0791,3403.8668,48.7427
2017-04-16,142.5844,36.6936,29.0791,3405.7759,48.7427
2017-04-17,142.6317,36.5094,28.9722,3406.3729,48.8076
2017-04-18,142.6525,36.4412,28.7691,3406.9751,48.5394
2017-04-19,142.7966,36.489,28.7578,3407.5716,48.7705
2017-04-20,142.7991,36.8038,28.863,3408.1668,48.8744
2017-04-21,142.6345,36.7325,28.8038,3408.7567,48.7205
2017-04-23,142.6345,36.7325,28.8038,3409.9717,48.7205
2017-04-24,142.7063,37.1764,29.1286,3410.5636,49.0819
2017-04-25,142.8376,37.3847,29.3921,3411.1644,49.4499
2017-04-26,142.7088,37.4489,29.5173,3411.7395,49.3174
2017-04-27,142.7118,37.4758,29.4387,3412.3377,49.3447
2017-04-28,142.7091,37.4136,29.4278,3412.9483,49.2122
2017-05-01,142.7091,37.4136,29.4278,3414.787,49.2122
2017-05-02,142.7261,37.5727,29.46,3415.3902,49.2748
2017-05-03,142.7804,37.5841,29.4667,3415.9934,49.208
2017-05-04,142.781,37.7064,29.6105,3416.5907,49.5693
2017-05-05,142.8881,37.5239,29.4109,3417.1956,49.5022
2017-05-07,142.8881,37.5239,29.4109,3418.3994,49.5022
2017-05-08,143.0171,37.6089,29.5504,3419.0012,49.9032
2017-05-09,143.0225,37.7357,29.6765,3419.6046,50.185
2017-05-10,143.0225,38.1331,29.9594,3420.1978,50.3488
2017-05-11,143.0782,38.1868,30.031,3420.811,50.3709
2017-05-12,143.191,38.0429,29.9322,3421.3996,50.2195
2017-05-14,143.191,38.0429,29.9322,3422.6103,50.2195
2017-05-15,143.5718,38.2789,30.1935,3423.2162,50.6543
2017-05-16,143.5436,38.4042,30.3329,3423.8348,50.8546
2017-05-17,143.5683,38.1886,30.3774,3424.4451,50.7513
2017-05-18,143.5992,37.7636,29.9507,3425.0538,50.2709
2017-05-19,143.6111,37.4612,29.8971,3425.6616,50.0984
2017-05-21,143.6111,37.4612,29.8971,3426.8536,50.0984
2017-05-22,143.7899,37.2391,29.7612,3427.4639,49.9904
2017-05-23,143.8682,36.9611,29.4538,3428.0849,49.3919
2017-05-24,143.9093,36.8408,29.1671,3428.6965,49.1609
2017-05-25,144.0182,37.4522,29.59,3429.3081,49.8005
2017-05-26,144.139,37.9005,29.9662,3429.9237,50.1525
2017-05-28,144.139,37.9005,29.9662,3431.1415,50.1525
2017-05-29,144.139,37.7726,29.8361,3431.7449,49.9694
2017-05-30,144.1695,37.7915,29.9735,3432.3465,49.9086
2017-05-31,144.2526,38.0466,30.1017,3432.9463,50.086
2017-06-01,144.4377,38.1456,30.1327,3433.557,50.5691
2017-06-02,144.495,38.4372,30.3031,3434.1943,50.8137
2017-06-04,144.495,38.4372,30.3031,3435.3928,50.8137
2017-06-05,144.5409,38.5761,30.3514,3436.0053,51.1389
2017-06-06,144.5701,38.5089,30.229,3436.5893,50.9186
2017-06-07,144.9507,38.7054,30.4099,3437.2181,50.9278
2017-06-08,145.3316,38.8185,30.506,3437.8295,50.9098
2017-06-09,145.4447,39.0801,30.5259,3438.4636,50.9633
2017-06-11,145.4447,39.0801,30.5259,3439.6816,50.9633
2017-06-12,145.5341,39.0069,30.3447,3440.2725,50.8526
2017-06-13,145.6403,39.0799,30.4037,3440.9013,50.7351
2017-06-14,145.6607,39.1042,30.3841,3441.5029,50.6685
2017-06-15,145.6979,39.0056,30.4269,3442.1103,50.7915
2017-06-16,145.6798,39.0665,30.488,3442.7067,50.8527
2017-06-18,145.6798,39.0665,30.488,3443.908,50.8527
2017-06-19,145.7742,39.2961,30.6373,3444.5165,51.0377
2017-06-20,145.8016,39.152,30.6466,3445.115,51.3325
2017-06-21,145.8889,39.1056,30.6339,3445.7205,51.1627
2017-06-22,145.8735,39.1303,30.6326,3446.3278,51.0105
2017-06-23,145.8813,38.8132,30.4523,3446.9477,50.634
2017-06-26,145.8813,38.8132,30.4523,3448.7966,50.634
2017-06-27,145.9449,38.4889,30.1895,3449.4114,50.1662
2017-06-28,145.8491,38.4284,30.1719,3449.9969,50.2621
2017-06-29,145.8476,38.402,30.2774,3450.5748,50.6024
2017-06-30,145.8394,38.5957,30.4672,3451.246,51.0428
2017-07-02,145.8394,38.5957,30.4672,3452.5884,51.0428
2017-07-03,145.6663,38.7437,30.7076,3453.207,51.4957
2017-07-04,145.7582,38.7575,30.6469,3453.8592,51.4155
2017-07-05,145.8498,38.8788,30.7453,3454.4816,51.6977
2017-07-06,145.9371,39.0762,30.9183,3455.1129,51.78
2017-07-07,145.9888,38.9992,30.9141,3455.7809,51.6244
2017-07-09,145.9888,38.9992,30.9141,3456.9857,51.6244
2017-07-10,146.2443,39.3134,31.2073,3457.6327,51.7595
2017-07-11,146.3105,39.2034,31.1432,3458.2367,51.6444
2017-07-12,146.3824,39.3091,31.2596,3458.8728,51.7894
2017-07-13,146.4568,39.5849,31.4959,3459.5201,52.1989
2017-07-14,146.4802,39.5038,31.5794,3460.1391,51.9899
2017-07-16,146.4802,39.5038,31.5794,3461.3384,51.9899
2017-07-17,146.6141,39.644,31.6883,3461.952,52.1358
2017-07-18,146.6789,39.528,31.4552,3462.5699,51.5988
2017-07-19,146.7668,39.8442,31.6947,3463.2174,51.7677
2017-07-20,146.8157,39.7729,31.6109,3463.8272,51.6241
2017-07-21,146.9821,39.9436,31.6364,3464.4634,51.6779
2017-07-23,146.9821,39.9436,31.6364,3465.6748,51.6779
2017-07-24,147.1328,40.0444,31.6634,3466.2928,51.5258
2017-07-25,147.1373,40.0758,31.7053,3466.8883,51.6699
2017-07-26,147.0997,40.1413,31.8441,3467.5183,51.7039
2017-07-27,147.1708,40.3421,31.8026,3468.107,51.6326
2017-07-28,147.1604,40.5241,31.8224,3468.7047,51.6688
2017-07-30,147.1604,40.5241,31.8224,3469.9106,51.6688
2017-07-31,147.1981,40.7545,32.0535,3470.5092,51.594
2017-08-01,147.2654,40.8371,32.1063,3471.0974,51.5924
2017-08-02,147.3359,40.7686,32.0117,3471.702,51.6228
2017-08-03,147.6212,40.4307,31.6737,3472.3171,51.5464
2017-08-04,147.6495,40.6241,31.7571,3472.9164,51.8016
2017-08-06,147.6495,40.6241,31.7571,3474.1128,51.8016
2017-08-07,147.6821,40.9032,31.8846,3474.7115,51.999
2017-08-08,147.7057,40.615,31.6179,3475.3099,51.8675
2017-08-09,147.7244,40.0602,31.2446,3475.9185,51.5566
2017-08-10,147.6744,39.3885,30.9067,3476.5118,50.8384
2017-08-11,147.6561,39.3275,30.6617,3477.1149,50.7161
2017-08-13,147.6561,39.3275,30.6617,3478.3021,50.7161
2017-08-14,147.7087,39.7254,31.0202,3478.9037,51.0124
2017-08-15,147.7087,39.7254,31.0202,3479.4987,51.0124
2017-08-16,147.7053,40.1679,31.4207,3480.0686,51.4469
2017-08-17,147.7053,40.0426,31.4255,3480.6884,51.4468
2017-08-18,147.8182,39.9352,31.117,3481.2819,51.3925
2017-08-20,147.8182,39.9352,31.117,3482.474,51.3925
2017-08-21,147.903,39.7426,30.7548,3483.0632,51.1516
2017-08-22,147.9018,39.7218,30.7924,3483.6659,51.0667
2017-08-23,147.9146,39.9841,31.1119,3484.2725,51.3041
2017-08-24,147.945,40.0803,31.2131,3484.8561,51.1357
2017-08-27,147.945,40.0803,31.2131,3486.6244,51.1357
2017-08-28,148.0222,40.4418,31.4622,3487.2089,51.4359
2017-08-29,148.0933,39.9721,31.1049,3487.8157,51.0848
2017-08-30,148.1091,40.3433,31.4015,3488.4005,51.4854
2017-08-31,148.181,40.4839,31.4141,3489.0178,52.0016
2017-09-01,148.359,40.7117,31.6691,3489.6208,52.3986
2017-09-03,148.359,40.7117,31.6691,3490.8296,52.3986
2017-09-04,148.4419,40.5261,31.4361,3491.4433,52.3124
2017-09-05,148.4461,40.7617,31.5585,3492.0355,52.7452
2017-09-06,148.4973,40.8249,31.3772,3492.6349,52.6738
2017-09-07,148.4821,41.2746,31.4877,3493.227,52.8514
2017-09-08,148.4706,41.3939,31.4232,3493.8069,53.1353
2017-09-10,148.4706,41.3939,31.4232,3494.9759,53.1353
2017-09-11,148.5133,41.713,31.6347,3495.5739,53.2675
2017-09-12,148.48,42.0057,32.094,3496.1883,53.64
2017-09-13,148.4446,41.8537,31.9919,3496.7768,53.2516
2017-09-14,148.4631,41.8746,32.2205,3497.3672,53.3451
2017-09-15,148.4365,41.9728,32.1804,3497.9925,53.4129
2017-09-17,148.4365,41.9728,32.1804,3499.2095,53.4129
2017-09-18,148.4466,42.2254,32.3021,3499.8105,53.6369
2017-09-19,148.4897,42.2549,32.3193,3500.4063,53.9021
2017-09-20,148.5343,42.1747,32.3893,3501.0242,53.7644
2017-09-21,148.2842,42.1447,32.3494,3501.6227,53.5512
2017-09-22,148.2649,41.5579,31.7583,3502.1914,52.3697
2017-09-24,148.2649,41.5579,31.7583,3503.3869,52.3697
2017-09-25,148.4371,41.0216,31.3525,3504.023,52.0166
2017-09-26,148.362,41.1104,31.4674,3504.6901,52.2702
2017-09-27,148.3767,40.4635,30.9123,3505.2812,51.8133
2017-09-28,148.4835,40.659,31.055,3505.8793,52.1137
2017-09-29,148.491,40.9177,31.1989,3506.5189,52.3224
2017-10-02,148.491,40.9177,31.1989,3508.3081,52.3224
2017-10-03,148.7205,41.0754,31.4069,3508.956,52.7802
2017-10-04,148.6351,41.2008,31.5247,3509.5354,52.9694
2017-10-05,148.5783,41.1997,31.483,3510.1388,53.1179
2017-10-06,148.5744,41.4115,31.8248,3510.7308,53.6176
2017-10-08,148.5744,41.4115,31.8248,3511.9282,53.6176
2017-10-09,148.6113,41.4651,31.8386,3512.5321,53.7749
2017-10-10,148.6506,41.6587,31.9242,3513.115,53.808
2017-10-11,148.6958,41.5534,31.7567,3513.7349,53.4235
2017-10-12,148.7248,41.9776,32.0301,3514.3437,53.6773
2017-10-13,148.8495,42.1996,32.1021,3514.9665,53.7015
2017-10-15,148.8495,42.1996,32.1021,3516.1886,53.7015
2017-10-16,148.9557,42.1965,32.2992,3516.8144,53.8567
2017-10-17,148.9725,42.1503,32.3031,3517.4036,54.074
2017-10-18,148.9933,42.0782,32.0621,3518.0043,53.9667
2017-10-22,148.9933,42.0782,32.0621,3520.3989,53.9667
2017-10-23,149.0299,41.8592,32.0093,3521.011,53.8459
2017-10-24,149.0872,41.8201,32.2031,3521.5948,54.1148
2017-10-25,149.0757,41.6526,32.9617,3522.221,54.1578
2017-10-26,149.1089,41.6251,33.0916,3522.8018,54.3216
2017-10-27,149.116,41.8638,33.0506,3523.411,54.5508
2017-10-29,149.116,41.8638,33.0506,3524.6227,54.5508
2017-10-30,149.1095,42.2295,33.2462,3525.2191,54.8878
2017-10-31,149.166,42.1959,33.2403,3525.8116,55.1752
2017-11-01,149.1872,42.4335,33.6633,3526.408,55.5844
2017-11-02,149.2423,42.4388,33.8467,3527.0105,55.6619
2017-11-03,149.2935,42.442,33.9577,3527.601,56.0156
2017-11-05,149.2935,42.442,33.9577,3528.798,56.0156
2017-11-06,149.3344,42.4219,33.9914,3529.4068,56.4759
2017-11-07,149.2845,42.1968,33.6005,3530.0342,55.8834
2017-11-08,149.2964,42.051,33.4258,3530.6387,55.3957
2017-11-09,149.335,42.2021,33.4535,3531.2451,55.5355
2017-11-10,149.3439,42.1625,33.6443,3531.8502,55.296
2017-11-12,149.3439,42.1625,33.6443,3533.0683,55.296
2017-11-13,149.3946,41.9121,33.4465,3533.6697,54.9131
2017-11-14,149.2009,41.7377,33.3065,3534.2681,54.98
2017-11-15,149.2653,41.469,33.1299,3534.8827,54.4504
2017-11-16,149.1355,41.8798,33.4248,3535.4928,54.5761
2017-11-17,149.2227,42.2027,33.7037,3536.0914,54.8416
2017-11-19,149.2227,42.2027,33.7037,3537.2944,54.8416
2017-11-20,149.5677,42.3849,33.6442,3537.9161,55.0608
2017-11-21,149.5741,42.3903,33.7963,3538.5166,55.3008
2017-11-22,149.4299,42.4111,33.886,3539.1201,55.7742
2017-11-23,149.3581,42.3461,33.9246,3539.7227,56.0366
2017-11-24,149.3708,42.5955,34.029,3540.3302,56.331
2017-11-26,149.3708,42.5955,34.029,3541.5561,56.331
2017-11-27,149.4131,42.7038,34.1131,3542.15,56.3592
2017-11-28,149.4371,42.8953,34.1058,3542.7641,56.2772
2017-11-29,149.4737,42.8964,34.1414,3543.3719,56.0999
2017-11-30,149.4913,42.6016,33.7852,3543.9693,55.8123
2017-12-01,149.4913,42.4195,33.4223,3543.9693,55.5939
2017-12-03,149.4913,42.4195,33.4223,3545.7868,55.5939
2017-12-04,149.5704,42.4191,33.4572,3546.3997,55.7399
2017-12-05,149.6015,42.2472,33.4891,3546.9882,55.7219
2017-12-06,149.6636,41.9862,33.1637,3547.5998,55.3205
2017-12-07,149.6687,42.3686,33.6118,3548.2344,55.7391
2017-12-08,149.6701,42.8027,33.871,3548.8589,56.3363
2017-12-10,149.6701,42.8027,33.871,3550.1024,56.3363
2017-12-11,149.5962,43.0751,34.0329,3550.7104,56.4358
2017-12-12,149.544,42.8721,33.885,3551.3086,55.9491
2017-12-13,149.4922,42.6097,33.6733,3551.9114,55.5746
2017-12-14,149.5076,42.6119,33.8275,3552.4995,55.5811
2017-12-15,149.4853,43.0731,34.0192,3553.0779,55.9759
2017-12-17,149.4853,43.0731,34.0192,3554.2968,55.9759
2017-12-18,149.5292,43.5965,34.284,3554.8994,56.1235
2017-12-19,149.559,43.9035,34.5252,3555.4996,56.7498
2017-12-20,149.4474,43.8332,34.5071,3556.0288,56.7039
2017-12-21,149.3699,43.9254,34.6126,3556.5746,56.8026
2017-12-22,149.2793,44.0927,34.7028,3557.2266,57.0013
2017-12-25,149.2793,44.0927,34.7028,3559.0987,57.0013
2017-12-26,149.2864,44.1143,34.851,3559.6842,57.8488
2017-12-27,149.3157,43.9602,34.7596,3560.3213,57.7682
2017-12-28,149.1113,43.8786,34.6846,3560.9847,57.6014
2017-12-29,149.4545,44.2977,34.7983,3561.7674,57.9319
2017-12-31,149.4545,44.2977,34.7983,3563.0394,57.9319
2018-01-01,149.4635,44.0453,34.6262,3563.7227,57.7566
2018-01-02,149.4785,43.8511,34.5302,3564.3398,57.4445
2018-01-03,149.5011,43.9237,34.6333,3564.9531,57.6914
2018-01-04,149.4562,44.1072,34.9609,3565.5403,57.94
2018-01-05,149.6129,44.6544,35.2026,3566.1723,58.2755
2018-01-07,149.6129,44.6544,35.2026,3567.4437,58.2755
2018-01-08,149.663,44.813,35.419,3568.0726,58.681
2018-01-09,149.6376,44.723,35.3117,3568.6921,58.7338
2018-01-10,149.4919,44.7981,35.1768,3569.3069,58.5513
2018-01-11,149.4769,44.8982,35.2637,3569.9336,58.7766
2018-01-12,149.4891,45.0602,35.3194,3570.5428,58.7709
2018-01-14,149.4891,45.0602,35.3194,3571.8037,58.7709
2018-01-15,149.6009,45.1435,35.4,3572.4517,58.8635
2018-01-16,149.44,44.811,35.3059,3573.0813,58.2543
2018-01-17,149.6553,45.0557,35.745,3573.6985,58.5782
2018-01-18,149.6057,45.2456,35.5717,3574.3341,58.05
2018-01-19,149.6247,45.9092,35.8535,3574.9524,58.3372
2018-01-21,149.6247,45.9092,35.8535,3576.2535,58.3372
2018-01-22,149.6942,45.7891,35.9831,3576.887,58.5472
2018-01-23,149.8059,45.644,36.4055,3577.5242,58.6221
2018-01-24,149.783,45.3295,36.4318,3578.159,58.4006
2018-01-25,149.7498,45.1246,36.2022,3578.7968,58.0873
2018-01-28,149.7498,45.1246,36.2022,3580.73,58.0873
2018-01-29,149.7264,45.31,36.0769,3581.3825,58.2284
2018-01-30,149.6944,44.8918,35.8854,3582.0546,57.8925
2018-01-31,149.7354,44.8938,35.6854,3582.7053,57.8254
2018-02-01,149.4309,44.8934,35.7358,3583.3151,57.9965
2018-02-02,149.4766,43.6676,34.7973,3583.9712,56.6489
2018-02-04,149.4766,43.6676,34.7973,3585.2874,56.6489
2018-02-05,149.5419,43.0571,34.6657,3585.91,56.3622
2018-02-06,149.6109,42.3687,34.1225,3586.5624,55.8448
2018-02-07,149.7571,42.3219,34.131,3587.2406,56.2631
2018-02-08,149.8999,42.9776,34.7053,3587.8768,56.7201
2018-02-09,149.9118,42.7755,34.4287,3588.5597,56.448
2018-02-11,149.9118,42.7755,34.4287,3589.8896,56.448
2018-02-12,149.9962,43.1983,34.6196,3590.5319,57.0739
2018-02-13,149.9962,43.1983,34.6196,3591.185,57.0739
2018-02-14,150.0741,43.2179,34.3877,3591.8457,57.1892
2018-02-15,149.9765,43.1527,34.3508,3592.5023,56.9874
2018-02-16,150.0015,42.9466,34.0648,3593.1606,56.5924
2018-02-19,150.0015,42.7144,33.6931,3595.1452,56.2988
2018-02-20,149.9696,42.635,33.6253,3595.768,56.1813
2018-02-21,149.9303,42.7113,33.6898,3596.4411,56.1844
2018-02-22,149.8158,42.5132,33.5514,3597.0718,56.0697
2018-02-23,149.9491,43.1378,33.9973,3597.7262,56.6859
2018-02-25,149.9491,43.1378,33.9973,3599.0464,56.6859
2018-02-26,149.9922,43.6298,34.2737,3599.7169,57.1568
2018-02-27,140.649,43.7346,34.1761,3600.3825,57.0693
2018-02-28,140.6412,43.6216,34.0453,3601.0493,56.9969
2018-03-01,140.6243,43.4761,33.9327,3601.76,56.7842
2018-03-04,140.6243,43.4761,33.9327,3603.8577,56.7842
2018-03-05,140.7265,43.1863,33.5489,3604.5069,56.273
2018-03-06,140.77,42.8249,33.2481,3605.2029,55.8812
2018-03-07,140.9803,42.4853,32.8094,3606.0523,55.3347
2018-03-08,141.0882,42.6226,33.0565,3606.6961,55.5861
2018-03-09,141.0964,42.8256,32.9489,3607.3635,55.4893
2018-03-11,141.0964,42.8256,32.9489,3608.7393,55.4893
2018-03-12,141.271,43.1646,33.4068,3609.4878,56.0497
2018-03-13,141.3517,43.168,33.5543,3610.1864,56.1963
2018-03-14,141.3686,43.1976,33.5449,3610.8811,56.1494
2018-03-15,141.4873,43.2154,33.4466,3611.6945,56.1515
2018-03-16,141.6912,42.5813,32.9216,3612.8496,55.6619
2018-03-18,141.6912,42.5813,32.9216,3614.2642,55.6619
2018-03-19,141.7148,42.1986,32.496,3614.9855,55.234
2018-03-20,141.7269,42.2834,32.5822,3615.6278,55.4601
2018-03-21,141.7391,42.4211,32.623,3616.2006,55.5757
2018-03-22,141.7848,42.2615,32.3204,3616.823,55.4818
2018-03-23,141.8272,41.881,31.9377,3617.299,55.1785
2018-03-25,141.8272,41.881,31.9377,3618.7356,55.1785
2018-03-26,141.858,42.4293,32.3705,3619.302,55.7966
2018-03-27,142.3556,42.8956,32.6602,3620.0415,56.1437
2018-03-28,142.4392,42.8589,32.4779,3622.3038,55.9924
2018-03-31,142.4392,42.8589,32.4779,3624.4209,55.9928
2018-04-02,142.4392,43.7299,32.7923,3625.8417,56.8195
2018-04-03,142.7428,43.8922,33.0696,3626.587,57.0141
2018-04-04,142.7382,43.6392,32.7241,3627.3585,56.5592
2018-04-05,143.1275,44.3133,33.295,3628.0483,57.1057
2018-04-06,143.1533,44.5188,33.3987,3628.7427,57.4263
2018-04-08,143.1533,44.5188,33.3987,3630.1161,57.4263
2018-04-09,143.1851,44.6744,33.4945,3630.831,57.5301
2018-04-10,142.9838,44.6607,33.6416,3631.5028,57.5743
2018-04-11,142.7892,44.8579,33.4863,3632.1726,57.5632
2018-04-12,142.8123,45.1019,33.5214,3632.833,57.4137
2018-04-13,142.8596,45.1852,33.4774,3633.52,57.5374
2018-04-15,142.8596,45.1852,33.4774,3634.9082,57.5374
2018-04-16,142.9083,45.5742,33.5668,3635.6015,57.7751
2018-04-17,142.9028,45.565,33.6914,3636.2486,57.8781
2018-04-18,142.8035,45.3724,33.6279,3636.9573,57.8333
2018-04-19,142.5817,45.5448,33.7213,3637.6273,58.0117
2018-04-20,142.3818,45.5433,33.7163,3638.1565,57.7797
2018-04-22,142.3818,45.5433,33.7163,3639.5464,57.7797
2018-04-23,142.3797,45.7622,33.8532,3640.1528,57.8767
2018-04-24,142.3569,45.8566,33.9256,3640.8015,57.9774
2018-04-25,142.2185,45.6684,33.7541,3641.4727,58.0015
2018-04-26,142.1109,45.9246,33.7207,3642.1652,58.2236
2018-04-27,142.0784,45.9163,34.139,3642.8498,58.5214
2018-04-30,142.0784,46.3585,34.361,3642.8498,58.8362
2018-05-01,142.0784,46.3585,34.361,3645.6219,58.8362
2018-05-02,142.3015,46.423,34.2246,3646.2495,58.4171
2018-05-03,142.3179,46.0162,34.0608,3646.8796,58.0048
2018-05-04,142.3165,45.8291,33.8283,3647.4455,57.8227
2018-05-06,142.3165,45.8291,33.8283,3648.8176,57.8227
2018-05-07,142.4808,45.9842,34.1863,3649.4832,58.0671
2018-05-08,142.5187,46.1987,34.1955,3650.0968,58.0189
2018-05-09,142.3563,46.0353,34.1515,3650.6892,57.9979
2018-05-10,142.3077,45.8115,33.9535,3651.1807,57.7764
2018-05-11,142.2857,46.058,34.1106,3651.8417,58.1485
2018-05-13,142.2857,46.058,34.1106,3653.2387,58.1485
2018-05-14,142.2398,45.8161,33.9888,3653.8744,57.9716
2018-05-15,142.0914,45.8985,33.7484,3654.3493,57.6349
2018-05-16,141.9575,45.8304,33.5043,3654.9359,57.4798
2018-05-17,141.9005,45.8324,33.483,3655.5548,57.4675
2018-05-18,142.0857,45.5903,33.1041,3656.2124,57.0479
2018-05-20,142.0857,45.5903,33.1041,3657.6351,57.0479
2018-05-21,142.1174,44.96,32.7378,3658.2341,56.7051
2018-05-22,142.1472,45.0447,32.9824,3658.9296,56.8882
2018-05-23,142.1357,44.5882,32.7218,3659.6033,56.4104
2018-05-24,142.1165,44.9205,32.8756,3660.2814,56.3652
2018-05-25,142.2487,45.7053,33.1979,3660.977,56.9477
2018-05-27,142.2487,45.7053,33.1979,3662.439,56.9477
2018-05-28,142.4224,46.0973,33.5888,3663.1364,57.3406
2018-05-29,142.4726,46.1664,33.4931,3663.9097,57.0888
2018-05-30,142.5296,46.4314,33.4538,3664.6508,56.9974
2018-05-31,142.42,46.7453,33.6207,3665.3407,57.1883
2018-06-01,142.3674,46.2936,33.3544,3666.0448,56.7463
2018-06-04,142.3998,45.791,33.0834,3668.204,56.2903
2018-06-05,142.4665,45.4377,32.9146,3669.0214,56.0484
2018-06-06,142.3972,46.0611,33.387,3669.9188,56.5379
2018-06-07,142.2812,46.2776,33.7109,3670.6413,56.9192
2018-06-08,142.4035,46.3772,33.8405,3671.3584,56.9829
2018-06-11,142.4551,46.4037,33.8679,3673.5316,57.1646
2018-06-12,142.4837,46.6921,34.1387,3674.2557,57.4956
2018-06-13,142.5907,46.6806,34.1271,3674.9731,57.3488
2018-06-14,142.6874,46.6297,34.0272,3675.6996,57.3212
2018-06-15,142.7832,46.6102,33.9204,3676.4459,57.1758
2018-06-18,142.9393,46.1941,33.8859,3678.745,57.2522
2018-06-19,142.9936,45.8521,33.6461,3679.6877,57.0015
2018-06-20,143.0785,46.0752,33.6973,3680.5289,57.1397
2018-06-21,143.2127,45.8965,33.5211,3681.283,57.0101
2018-06-22,143.2155,46.2405,33.8415,3681.9541,57.1608
2018-06-25,143.2898,46.0384,33.4904,3684.2275,56.802
2018-06-26,143.3068,46.0382,33.4689,3684.9108,56.8186
2018-06-27,143.2581,45.7051,32.9556,3685.6369,56.499
2018-06-28,143.195,45.4715,32.5668,3686.4049,56.1223
2018-06-29,143.2428,45.8172,33.0638,3687.607,56.4848
2018-07-02,143.3715,45.7514,32.9111,3690.1901,56.3285
2018-07-03,143.418,46.0473,33.0748,3690.9285,56.6131
2018-07-04,143.5283,46.4418,33.2067,3692.0381,56.8242
2018-07-05,143.5272,46.5507,33.1059,3692.8716,56.8631
2018-07-06,143.5656,46.6949,33.1586,3693.6113,56.9648
2018-07-09,143.6666,46.9185,33.4895,3695.9951,57.3334
2018-07-10,143.7153,47.2806,33.7515,3696.726,57.6491
2018-07-11,143.7636,47.33,33.6146,3697.3895,57.3163
2018-07-12,143.9137,47.4669,33.7237,3698.1859,57.5862
2018-07-13,143.9932,47.3626,33.5276,3698.9137,57.4531
2018-07-16,144.0332,46.796,32.8552,3701.0161,56.9923
2018-07-17,144.1534,47.1688,33.292,3701.7623,57.3717
2018-07-18,144.1784,47.2694,33.1707,3702.5496,57.1759
2018-07-19,144.1604,46.9584,33.0304,3703.1936,57.0174
2018-07-20,144.1651,47.4761,33.2484,3703.8209,57.2905
2018-07-23,144.2217,47.8292,33.6369,3705.8583,57.6433
2018-07-24,144.2543,48.131,34.0694,3706.3373,58.0602
2018-07-25,144.2857,48.1091,34.1491,3707.0207,58.0588
2018-07-26,144.3561,47.9672,34.4358,3707.6921,58.1463
2018-07-27,144.3967,48.2232,34.8745,3708.5793,58.5139
2018-07-30,144.4708,48.0705,35.0847,3710.7551,58.5654
2018-07-31,144.5473,48.2668,35.068,3711.5296,58.7278
2018-08-01,144.6898,48.265,35.1089,3712.2854,58.8678
2018-08-02,144.717,47.674,34.989,3713.1986,58.5508
2018-08-03,144.6829,48.1229,35.3753,3714.0635,58.8246
2018-08-06,144.7287,48.0192,35.4678,3716.2854,58.845
2018-08-07,144.736,48.0329,35.3674,3717.0545,58.7823
2018-08-08,144.7751,48.2043,35.4928,3717.8237,58.9247
2018-08-09,144.8547,48.3109,35.6865,3718.6457,58.8757
2018-08-10,144.8834,48.1197,35.3667,3719.3725,58.8225
2018-08-13,144.8638,47.7677,35.0787,3721.5141,58.6216
2018-08-14,144.8983,48.162,35.3932,3722.2147,58.948
2018-08-16,144.8889,47.8863,35.3442,3723.6676,58.7001
2018-08-17,144.8889,48.1444,35.724,3723.6676,59.2794
2018-08-20,145.0363,48.3837,36.178,3726.5822,59.7522
2018-08-21,145.0737,48.6048,36.2978,3727.2407,59.8449
2018-08-23,145.063,48.761,36.3233,3728.6055,60.0756
2018-08-24,145.0713,48.6583,36.1827,3729.2354,60.1112
2018-08-27,145.1487,49.2514,36.5961,3731.4211,60.4211
2018-08-28,145.1743,49.4611,36.5015,3732.179,60.6619
2018-08-29,145.1777,49.6369,36.6525,3733.2403,60.5234
2018-08-30,145.153,49.4987,36.845,3733.9957,60.5187
2018-08-31,145.157,49.5414,37.0172,3734.7722,60.7597
2018-09-03,145.1981,49.163,36.7355,3737.1712,60.3649
2018-09-04,145.091,48.7022,36.2352,3737.9052,59.7035
2018-09-05,145.064,48.4323,36.2032,3738.5233,59.5398
2018-09-06,145.0798,48.7309,36.5036,3739.3085,60.2592
2018-09-07,145.1503,48.7308,36.8595,3740.0724,60.6367
2018-09-10,145.0029,47.8953,36.4594,3741.6037,59.8002
2018-09-11,144.9724,47.2567,35.9588,3741.621,58.9633
2018-09-12,144.9921,47.5556,36.1758,3742.3052,59.411
2018-09-14,145.0718,48.2119,36.6182,3743.6318,60.1101
2018-09-17,145.1591,47.6817,36.2336,3745.8106,59.5565
2018-09-18,145.1769,47.3009,35.6478,3746.8412,58.9816
2018-09-19,145.2511,46.9948,35.6203,3747.5204,58.7545
2018-09-21,145.2703,46.5231,35.3925,3749.0203,58.0538
2018-09-24,145.129,45.3802,34.6484,3750.4164,56.9356
2018-09-25,145.0404,45.6957,34.9495,3748.5485,57.5402
2018-09-26,145.1397,45.3522,34.9064,3749.3624,57.7739
2018-09-27,145.5014,44.845,34.5134,3752.2921,57.2837
2018-09-28,145.6347,44.6596,34.2138,3754.1776,56.7032
2018-10-01,145.82,44.4205,34.388,3756.8327,57.1071
2018-10-03,145.7273,43.5984,34.1188,3758.1588,56.7677
2018-10-04,145.5923,42.7151,33.5729,3758.624,55.7746
2018-10-05,145.947,42.1007,32.5654,3761.4006,54.5873
2018-10-08,146.0791,41.9164,32.371,3763.7318,53.9097
2018-10-09,145.9393,41.9931,32.2168,3764.4199,53.8919
2018-10-10,145.9908,42.9547,33.0232,3765.1782,54.8105
2018-10-11,146.0455,42.0772,32.2514,3765.8843,53.6189
2018-10-12,146.0817,43.1784,32.8517,3766.5512,54.2766
2018-10-15,146.2801,43.2515,32.9868,3768.6624,54.6268
2018-10-16,146.3846,43.4351,33.2969,3769.507,54.9143
2018-10-17,146.3738,42.6098,32.7194,3770.336,54.4636
2018-10-19,146.4328,42.2254,32.5449,3771.7561,53.9527
2018-10-22,146.5009,41.8448,32.3955,3774.0249,53.9897
2018-10-23,146.5481,41.2102,32.0403,3774.7256,53.6692
2018-10-24,146.6004,41.8934,32.3693,3775.5104,53.591
2018-10-25,146.6004,41.7228,32.141,3776.3141,53.3053
2018-10-26,146.59,41.5634,31.9937,3777.1107,53.1644
2018-10-29,146.7445,42.1527,33.0937,3779.3355,54.6469
2018-10-30,146.7452,41.9306,33.1305,3780.0643,54.8327
2018-10-31,146.7339,42.8528,33.7681,3780.8573,55.554
2018-11-01,146.8128,43.1171,33.9584,3781.7547,56.2748
2018-11-02,146.9597,43.85,34.3998,3782.6099,56.1832
2018-11-05,147.0216,43.81,34.3161,3784.9644,55.6086
2018-11-06,147.0712,43.7198,34.1348,3785.8486,55.8355
2018-11-09,147.2208,44.1023,34.3811,3788.195,56.356
2018-11-12,147.2561,43.5524,33.9351,3790.7416,55.9104
2018-11-13,147.3771,43.845,34.1687,3791.6315,56.0628
2018-11-14,147.492,43.71,34.1979,3792.7523,56.16
2018-11-15,147.5302,43.9766,34.4793,3794.0432,56.9165
2018-11-16,147.4611,44.3022,34.6407,3795.0452,56.938
2018-11-19,147.5923,44.4665,34.7194,3797.4247,56.921
2018-11-20,147.635,44.1911,34.3544,3798.2437,56.0644
2018-11-21,147.635,44.1877,34.4915,3798.2437,56.5687
2018-11-22,147.8603,43.9282,34.1882,3799.8589,56.0409
2018-11-26,147.9388,44.1062,34.3768,3803.0898,56.2998
2018-11-27,147.9633,44.4178,34.4933,3804.1093,56.6766
2018-11-28,148.1433,44.633,34.2506,3804.9872,56.3766
2018-11-29,148.2735,45.1652,34.5976,3805.8394,56.6811
2018-11-30,148.3579,45.5428,34.6195,3806.5323,57.1898
2018-12-03,148.4128,45.5142,34.6368,3809.1775,57.0556
2018-12-04,148.5429,45.4645,34.7341,3810.26,56.6321
2018-12-05,148.846,45.0236,34.1841,3812.0229,55.7834
2018-12-06,149.0535,44.4363,33.7422,3813.4412,54.7688
2018-12-07,149.0015,44.813,33.8079,3814.3908,55.0268
2018-12-10,148.7642,44.0545,33.3958,3816.3984,53.9016
2018-12-11,148.8009,44.4437,33.7144,3816.9776,55.0014
2018-12-12,149.0278,45.4228,34.4292,3818.0154,56.3105
2018-12-13,149.0154,45.8382,34.5441,3819.3159,56.6467
2018-12-14,148.9564,45.8628,34.6099,3820.3688,56.7611
2018-12-17,149.0283,46.2157,34.8087,3822.6796,56.8786
2018-12-18,149.195,46.2921,34.9366,3823.5918,57.2413
2018-12-19,149.5278,46.5653,35.2629,3824.8182,58.1022
2018-12-20,149.5464,46.4699,35.1521,3825.3474,58.0018
2018-12-21,149.563,45.8127,34.7041,3825.9596,57.1987
2018-12-24,149.6544,45.313,34.467,3828.269,56.7621
2018-12-26,149.8596,45.3484,34.6407,3829.7516,56.8744
2018-12-27,149.9247,45.4602,34.6762,3830.6661,56.7148
2018-12-28,149.7844,45.8494,35.0331,3831.9643,57.186
2018-12-31,149.9206,45.9487,35.0999,3834.7032,57.2691
2019-01-01,149.8452,46.0296,35.3061,3835.6478,57.4833
2019-01-02,149.9431,45.6003,34.8637,3836.7889,56.9398
2019-01-03,149.8859,45.3334,34.5153,3837.309,56.4965
2019-01-04,149.8954,45.318,34.7714,3838.1051,57.1773
2019-01-07,149.9279,45.1689,34.8727,3840.3604,57.162
2019-01-08,150.0955,44.6935,35.1267,3841.3584,57.5187
2019-01-09,150.1373,44.669,35.2384,3842.2348,57.493
2019-01-10,150.1803,44.7078,35.3285,3843.0364,57.7291
2019-01-11,150.2791,44.451,35.2316,3843.8171,57.5518
2019-01-14,150.456,44.192,35.0726,3846.1704,57.3814
2019-01-15,150.4854,44.6295,35.3664,3847.0881,57.5285
2019-01-16,150.4555,44.3757,35.374,3847.9891,57.5166
2019-01-17,150.4768,44.3741,35.3235,3848.8256,57.231
2019-01-18,150.4759,44.3353,34.9364,3849.614,56.9596
2019-01-21,150.3954,44.2645,34.8657,3852.0237,56.4626
2019-01-22,150.5028,44.1753,34.868,3853.1078,56.4879
2019-01-23,150.5101,44.275,34.6741,3853.2079,56.1867
2019-01-24,150.5348,44.1054,34.5476,3854.028,56.285
2019-01-25,150.5547,43.7855,34.3971,3854.7565,55.5767
2019-01-28,150.6576,43.2665,33.8254,3857.2653,54.6951
2019-01-29,150.6845,43.2329,34.0023,3858.252,54.9597
2019-01-30,150.6693,43.2035,34.3406,3859.0136,55.4969
2019-01-31,150.7049,43.5103,34.8539,3859.7657,55.4075
2019-02-01,150.5492,43.9509,34.7678,3860.3437,54.9992
2019-02-04,150.5633,44.1172,34.5859,3862.0595,54.9498
2019-02-05,150.5966,44.3637,34.4663,3862.7741,54.7139
2019-02-06,150.6666,44.8555,34.8702,3863.4747,55.0284
2019-02-07,150.9077,45.183,35.0078,3866.0939,55.5605
2019-02-08,151.009,44.8823,34.4331,3867.5916,54.4952
2019-02-11,151.0908,44.5422,34.1241,3869.8269,53.4023
2019-02-12,151.05,44.3109,34.0735,3870.5686,53.0963
2019-02-13,151.3451,44.2871,33.8343,3873.2535,52.7316
2019-02-14,151.2698,44.069,33.7264,3874.0483,52.907
2019-02-15,151.1932,43.7705,33.4974,3873.3615,52.2324
2019-02-18,151.131,43.3006,33.22,3875.6324,51.9001
2019-02-19,151.131,43.1958,33.3508,3875.6324,52.1016
2019-02-20,151.2149,43.6851,33.7654,3877.1511,52.4495
2019-02-21,151.2293,43.7567,34.028,3877.9373,53.1862
2019-02-22,151.2599,43.7049,34.2343,3878.2128,53.304
2019-02-25,151.3599,44.296,34.3686,3880.433,53.6858
2019-02-26,151.362,44.5733,34.2692,3880.9587,53.329
2019-02-27,151.2991,44.5667,34.2767,3881.6892,53.519
2019-02-28,151.357,44.4396,34.3414,3882.523,53.7938
2019-03-01,151.443,44.6198,34.7149,3883.6677,54.1544
2019-03-05,151.6357,45.1533,35.4016,3886.7391,55.7395
2019-03-06,151.7285,45.3919,35.5201,3888.9141,55.9649
2019-03-07,151.8551,45.2268,35.5907,3889.6642,56.2362
2019-03-08,151.9735,45.3368,35.4924,3891.2395,55.8381
2019-03-11,152.1524,45.9878,36.0421,3893.6488,56.8626
2019-03-12,152.2662,46.2528,36.4004,3895.3984,57.1418
2019-03-13,152.2831,46.5112,36.4739,3896.9455,56.7812
2019-03-14,152.4552,46.3853,36.4598,3901.3532,56.7669
2019-03-15,152.5838,46.6669,36.7007,3902.4571,56.9537
2019-03-18,152.7412,46.5115,36.842,3904.6634,56.869
2019-03-19,152.7005,46.5113,37.0419,3906.2956,57.4891
2019-03-20,152.7699,46.2349,36.8944,3904.9666,57.5133
2019-03-22,152.9006,46.086,36.6517,3905.4787,57.4623
2019-03-25,142.4171,45.8064,36.3979,3907.9094,56.9177
2019-03-26,142.4063,46.3096,36.7706,3908.667,57.5931
2019-03-27,142.4266,46.2936,36.7212,3909.9343,57.885
2019-03-28,142.444,46.6551,37.2335,3911.0154,58.3251
2019-03-29,142.8143,46.981,37.4949,3919.3189,58.9169
2019-04-01,142.8143,47.1959,37.7396,3919.3189,59.155
2019-04-02,143.2454,47.3153,37.8738,3927.3237,58.9318
2019-04-03,143.216,47.3076,37.434,3927.7307,58.3833
2019-04-04,143.0993,47.1582,37.3202,3928.3556,58.1116
2019-04-05,142.9577,47.4887,37.5191,3928.9971,58.4231
2019-04-08,142.8229,47.3717,37.2241,3929.8635,58.2362
2019-04-09,142.8298,47.4487,37.5077,3929.5232,58.2334
2019-04-10,142.9046,47.2548,37.378,3929.382,57.9961
2019-04-11,142.8471,47.175,37.4361,3928.679,58.0274
2019-04-12,142.8054,47.2601,37.6532,3929.1923,58.4221
2019-04-15,142.7628,47.687,37.7808,3930.2687,58.8563
2019-04-16,142.7755,47.9452,37.9269,3930.3122,58.8978
2019-04-18,142.8003,47.5729,37.723,3931.8145,58.4115
2019-04-22,142.7099,47.0681,37.1965,3934.6565,57.1436
2019-04-23,142.717,47.0397,37.1199,3933.8348,57.3451
2019-04-24,142.817,47.7032,37.4677,3932.5059,57.071
2019-04-25,142.7254,47.4253,37.2307,3932.7681,56.7643
2019-04-26,142.8116,47.587,37.6251,3933.077,57.1259
2019-04-30,142.9462,47.7229,37.5606,3935.0437,56.3943
2019-05-02,142.9669,47.768,37.2702,3935.9636,55.9352
2019-05-03,142.9162,47.5539,37.396,3935.9902,56.0284
2019-05-06,143.0201,47.1499,37.1291,3939.3791,55.4316
2019-05-07,143.0787,46.9154,36.7143,3941.5665,54.8353
2019-05-08,143.1504,46.3892,36.2878,3943.5199,54.0787
2019-05-09,143.18,46.2216,36.1098,3944.3106,53.7741
2019-05-10,143.2079,46.2551,36.1112,3945.6736,53.7771
2019-05-13,143.3346,45.8407,35.3901,3948.1583,52.5887
2019-05-14,143.4783,45.5871,35.8303,3949.6951,52.7553
2019-05-15,143.5038,45.9877,35.5507,3950.5061,52.2774
2019-05-16,143.5546,46.225,35.8849,3952.2548,52.4859
2019-05-17,143.6887,46.7549,36.1511,3955.6152,52.7748
2019-05-20,143.9976,48.4883,37.8009,3958.6948,54.7179
2019-05-21,144.0003,47.8968,37.3059,3959.2603,54.0163
2019-05-22,144.0646,48.1288,37.4346,3959.9007,54.1346
2019-05-23,144.3538,47.927,37.3326,3963.3894,54.2421
2019-05-24,144.51,48.4689,38.4286,3964.3316,56.0286
2019-05-27,145.0011,48.7481,39.0866,3967.6125,57.5208
2019-05-28,145.1418,48.8592,38.9715,3968.2518,57.4263
2019-05-29,145.1587,48.9649,38.4652,3969.0534,56.6254
2019-05-30,145.1312,49.5043,38.6557,3971.0054,56.7649
2019-05-31,145.5041,49.6009,38.5553,3972.7088,56.6381
2019-06-03,145.7548,50.216,38.7646,3977.9948,57.1227
2019-06-04,145.6843,50.041,38.5849,3978.8906,56.8667
2019-06-06,146.0295,49.4851,37.7242,3981.171,55.8931
2019-06-07,145.8035,49.443,37.7513,3979.4257,55.7948
2019-06-10,145.5955,49.5439,37.824,3981.1174,56.1314
2019-06-11,145.6404,49.653,37.9905,3981.148,56.3185
2019-06-12,145.775,49.234,37.7824,3981.3277,55.9707
2019-06-13,145.8517,49.2907,37.8104,3982.1122,55.8455
2019-06-14,146.087,48.8909,37.518,3982.7966,55.4199
2019-06-17,146.1223,48.5141,36.9296,3985.4552,54.7235
2019-06-18,146.4654,48.4502,37.0431,3986.5235,54.8124
2019-06-19,146.5025,48.4036,36.9091,3987.7899,54.2741
2019-06-20,146.6796,48.8821,37.5214,3988.4023,55.0608
2019-06-21,146.4745,48.5317,37.2956,3989.0576,55.0284
2019-06-24,146.4771,48.5922,37.2818,3991.2496,54.9755
2019-06-25,146.3663,48.996,37.597,3991.5578,55.1963
2019-06-26,146.2151,49.2897,37.8804,3990.5061,55.505
2019-06-27,146.3061,49.366,38.0638,3992.0176,55.5133
2019-06-28,146.3797,49.3756,38.0432,3993.2622,55.4608
2019-07-01,146.3903,49.7716,38.1294,3995.6093,55.465
2019-07-02,146.4817,50.1515,38.1492,3996.3465,55.5594
2019-07-03,146.678,50.1794,38.2732,3999.3038,55.5408
2019-07-04,146.9134,50.258,38.4089,4001.4002,55.6638
2019-07-05,147.2972,49.5638,37.8995,4002.7573,54.9323
2019-07-08,147.8277,48.5793,36.9659,4005.3821,53.6374
2019-07-09,147.8228,48.498,37.2295,4006.8852,54.1523
2019-07-10,148.0034,48.1232,36.8628,4009.7207,53.5934
2019-07-11,148.2166,48.6231,37.21,4010.9502,53.9327
2019-07-12,148.2944,48.3958,37.2259,4012.4738,54.3478
2019-07-15,148.5678,48.7139,37.076,4015.4835,54.2986
2019-07-16,148.9102,48.9022,37.4458,4018.8422,54.6143
2019-07-17,148.8778,48.9859,37.5002,4022.5023,54.376
2019-07-18,148.8109,48.6995,36.9506,4023.3581,53.8307
2019-07-19,148.8542,47.9665,36.3675,4023.1439,53.3029
2019-07-22,148.7174,47.4019,36.3464,4024.4143,53.1347
2019-07-23,148.6097,47.2682,36.2009,4024.3809,52.8834
2019-07-24,148.6858,46.9859,35.8253,4024.7885,51.8181
2019-07-25,148.3413,47.1099,35.8082,4025.5358,52.0065
2019-07-26,148.3704,47.5006,35.9704,4026.2347,52.2139
2019-07-29,148.7487,47.2517,35.585,4028.5247,51.739
2019-07-30,148.892,46.9379,34.9848,4030.8535,51.1131
2019-07-31,149.0512,47.2759,35.3053,4033.0479,51.5601
2019-08-01,149.0367,46.8464,34.6488,4036.5393,50.825
2019-08-02,149.3724,47.0393,34.4649,4037.5492,50.7078
2019-08-05,149.2155,46.6536,34.0276,4040.2626,50.1618
2019-08-06,149.4147,47.3788,34.3933,4040.4543,50.8886
2019-08-07,149.5577,47.0773,33.8466,4043.2485,50.5197
2019-08-08,149.6843,47.4873,34.2803,4046.3973,50.8515
2019-08-09,149.4248,48.2849,34.3629,4047.4181,51.3738
2019-08-13,149.4511,47.2855,33.5822,4049.2676,50.1615
2019-08-14,149.0809,47.4579,33.9639,4049.1588,50.8535
2019-08-16,149.3311,47.5876,34.0542,4051.0235,51.1022
2019-08-19,149.373,47.5458,34.0837,4053.5466,51.0307
2019-08-20,149.4864,47.4791,33.8628,4054.3711,50.5713
2019-08-21,149.6765,47.2066,33.3619,4055.4582,49.596
2019-08-22,149.8404,46.5543,32.7704,4056.0057,48.9095
2019-08-23,149.9347,46.5352,33.0437,4056.744,49.2995
2019-08-26,150.2418,47.5602,33.6593,4059.444,50.2516
2019-08-27,150.2496,47.7229,33.9802,4060.9955,51.1777
2019-08-28,150.1914,47.6385,33.7103,4061.6488,51.4026
2019-08-29,150.0625,47.3071,33.3824,4062.6035,50.9588
2019-08-30,150.1076,47.6846,33.5968,4063.3999,51.4804
2019-09-03,150.4088,46.866,32.9684,4067.1216,51.1942
2019-09-04,150.4906,46.9908,33.192,4068.5983,51.209
2019-09-05,150.4076,46.9716,33.3774,4069.0835,51.037
2019-09-06,150.3414,47.1805,33.6463,4069.7611,51.6988
2019-09-09,150.5778,47.6889,33.9053,4072.1616,52.2742
2019-09-11,150.4797,47.7491,34.1812,4073.3738,52.1334
2019-09-12,150.3828,47.5026,34.1039,4074.3909,51.6176
2019-09-13,150.4937,47.7489,34.4118,4075.4083,51.9264
2019-09-16,150.4476,47.6812,34.1575,4077.8292,51.1896
2019-09-17,150.3688,46.875,33.3565,4077.6242,50.1586
2019-09-18,150.6191,47.0925,33.5375,4078.329,50.4635
2019-09-19,150.6828,46.5793,33.0899,4079.2646,49.8359
2019-09-20,150.0993,49.5049,35.105,4076.9678,52.9228
2019-09-23,150.1778,51.4523,36.5689,4079.1253,54.1398
2019-09-24,150.1503,50.9665,36.3133,4079.35,53.8059
2019-09-25,150.1731,50.501,35.541,4080.2472,53.4671
2019-09-26,150.2039,50.9655,36.0798,4081.9192,53.9101
2019-09-27,150.2231,50.9252,35.8985,4082.6786,53.9087
2019-09-30,150.4539,50.5655,35.6992,4086.2243,53.0118
2019-10-01,150.5812,50.3569,35.232,4088.1697,52.3266
2019-10-03,150.7936,50.0372,35.233,4089.831,52.4047
2019-10-04,150.7287,49.7632,34.7243,4091.1895,51.5198
2019-10-07,150.8064,49.6532,34.4231,4093.774,51.5874
2019-10-09,150.861,50.1686,35.0899,4095.094,52.1201
2019-10-10,150.8965,49.8371,34.6615,4095.9991,51.352
2019-10-11,150.938,50.3824,34.8641,4097.3811,51.7157
2019-10-14,151.0676,50.3561,34.9781,4099.607,52.0063
2019-10-15,151.1294,50.8906,35.1765,4100.5496,52.1496
2019-10-16,151.2289,51.1431,35.2173,4101.6695,52.2996
2019-10-17,151.266,51.5637,35.6993,4102.4534,53.4189
2019-10-18,151.4029,51.7965,35.9705,4103.1342,54.3253
2019-10-22,151.5632,51.9124,35.8852,4105.7837,54.9854
2019-10-23,151.6974,51.8553,35.9625,4106.5247,55.7765
2019-10-24,151.7896,51.8755,35.625,4107.7561,55.3504
2019-10-25,151.8433,51.789,35.8285,4108.466,55.3999
2019-10-29,151.965,52.7875,36.6798,4111.1441,56.3999
2019-10-30,152.1072,52.9263,36.9824,4113.437,57.1014
2019-10-31,152.3324,53.1953,37.2339,4114.4383,57.5153
2019-11-01,152.4285,53.1065,37.3083,4115.088,57.082
2019-11-04,152.4901,52.9846,37.4373,4117.1046,57.081
2019-11-05,152.4692,52.8708,37.2677,4117.7223,56.2048
2019-11-06,152.4607,53.0273,37.396,4117.083,56.2854
2019-11-07,152.4911,53.1469,37.3476,4117.7945,56.0601
2019-11-08,152.3985,52.6691,36.8802,4118.4667,55.7464
2019-11-11,152.4214,52.7747,37.0639,4120.8564,56.1837
2019-11-13,152.5581,52.7507,36.6968,4122.6082,56.7102
2019-11-14,152.6957,52.9216,36.6681,4123.4278,56.8178
2019-11-15,152.7979,52.8598,36.9168,4124.4226,56.681
2019-11-18,152.9316,52.6458,37.1266,4126.3854,57.0568
2019-11-19,152.9853,52.3017,37.4003,4127.0449,57.3307
2019-11-20,153.0708,52.2197,37.5524,4127.8978,57.4379
2019-11-21,153.0927,51.9749,37.3604,4128.5649,57.351
2019-11-22,153.1436,51.8055,37.2019,4129.247,56.9015
2019-11-25,153.296,52.4058,37.7165,4131.1444,57.2265
2019-11-26,153.3485,52.1819,37.5389,4131.7613,56.7251
2019-11-27,153.3903,52.5541,37.7095,4132.7466,57.3408
2019-11-28,153.4934,52.6551,37.8833,4133.5488,57.8483
2019-11-29,153.5381,52.5202,37.6232,4134.6499,57.5918
2019-12-02,153.6046,52.0831,37.5274,4136.7004,57.3629
2019-12-03,153.6259,52.1391,37.2069,4137.4286,56.965
2019-12-04,153.7405,52.1758,37.4698,4138.0105,57.0755
2019-12-05,153.2483,52.1739,37.2128,4137.1591,56.7838
2019-12-06,153.1405,51.7574,36.7408,4137.8932,56.2917
2019-12-09,153.1183,51.7165,36.7694,4140.0144,56.171
2019-12-10,153.0738,51.3884,36.4552,4140.8362,55.3357
2019-12-11,152.9832,51.6608,36.5698,4141.6075,55.6148
2019-12-12,152.9682,51.9371,36.954,4142.2277,56.0762
2019-12-13,152.8576,52.3885,37.5064,4142.7981,56.418
2019-12-16,152.9814,52.2265,37.3559,4144.5725,55.9057
2019-12-17,153.0346,52.823,37.8179,4145.1513,56.0988
2019-12-18,153.1337,53.2201,37.7713,4145.708,55.8029
2019-12-19,153.1526,53.4483,37.848,4146.3861,56.0773
2019-12-20,153.4572,53.5651,37.9728,4146.8586,56.0646
2019-12-23,153.5537,53.4977,37.8912,4148.6422,55.9366
2019-12-24,153.5626,53.2331,37.7657,4149.2295,55.7772
2019-12-26,153.5576,53.1793,37.5389,4150.4387,55.9528
2019-12-27,153.6346,53.5587,38.0682,4151.2058,56.3996
2019-12-30,153.701,53.5844,38.1381,4152.9985,56.5326
2019-12-31,153.7054,53.2357,37.9594,4153.5751,56.428
2020-01-01,153.8193,53.2623,37.9668,4154.2506,56.4189
2020-01-02,153.8742,53.3612,38.4483,4155.3529,56.9688
2020-01-03,154.0323,53.3371,38.2715,4155.873,56.778
2020-01-06,154.0036,52.3269,37.4068,4157.6608,55.6976
2020-01-07,154.0751,52.6992,37.5129,4158.2403,56.2173
2020-01-08,154.127,52.7438,37.3886,4158.7589,56.1255
2020-01-09,154.2202,53.3485,38.064,4159.2962,57.0619
2020-01-10,154.1672,53.6188,38.2168,4159.6197,57.0136
2020-01-13,154.2362,53.8602,38.427,4161.2805,57.4274
2020-01-14,154.1151,54.1131,38.5546,4161.7101,58.2117
2020-01-15,154.1889,54.0222,38.5216,4162.2102,58.4506
2020-01-16,154.2713,54.3185,38.5237,4162.7975,58.5949
2020-01-17,154.3249,54.4449,38.5397,4163.4425,58.7012
2020-01-20,154.4228,53.8785,38.2913,4165.2638,58.5722
2020-01-21,154.4776,53.5685,38.0925,4165.9471,58.7161
2020-01-22,154.5903,53.3944,37.9228,4166.5799,58.8953
2020-01-23,154.6714,53.6822,38.3177,4167.2712,59.7082
2020-01-24,154.749,54.3219,38.5493,4168.047,60.4024
2020-01-27,154.8703,54.0408,38.1205,4169.8989,60.6531
2020-01-28,154.9202,54.0279,37.9095,4170.5021,60.5752
2020-01-29,154.8904,54.4893,38.1615,4171.1131,60.8375
2020-01-30,154.9146,54.2354,37.8884,4171.7595,60.105
2020-01-31,154.9392,54.3388,37.6321,4172.3693,59.7157
2020-02-03,155.2432,53.9914,36.3634,4174.2552,58.0425
2020-02-04,155.3587,54.9917,37.2406,4174.93,58.5763
2020-02-05,155.3768,55.439,37.8623,4175.5676,59.1907
2020-02-06,155.9182,55.6957,38.2093,4178.0239,59.0951
2020-02-07,156.3627,55.7358,38.2086,4178.8921,59.6584
2020-02-10,156.5138,56.0931,37.8178,4181.1499,59.5773
2020-02-11,156.5581,56.1376,38.1614,4182.0429,60.0588
2020-02-12,156.5516,56.6194,38.1116,4182.7922,60.1219
2020-02-13,156.7233,56.6034,38.0694,4184.0904,59.8924
2020-02-14,156.828,56.1437,37.8171,4184.71,58.9999
2020-02-17,157.0124,55.8525,37.4953,4186.7668,58.4797
2020-02-18,156.9444,55.593,37.3789,4187.2739,59.0137
2020-02-19,156.9444,56.1832,37.7032,4187.2739,60.4177
2020-02-20,156.9353,56.0837,37.8452,4188.3871,60.7193
2020-02-24,157.1105,55.0739,37.031,4190.8455,59.7133
2020-02-25,157.0423,54.8741,36.8522,4191.6676,59.6428
2020-02-26,147.7681,54.4616,36.4536,4192.2986,58.7661
2020-02-27,147.6783,54.3307,36.2362,4192.7871,57.9347
2020-02-28,147.542,52.8907,34.9635,4192.8719,55.8033
2020-03-02,147.6198,52.8009,34.5233,4194.6776,55.9281
2020-03-03,147.6457,53.5505,35.0947,4195.0644,57.0181
2020-03-04,148.0648,53.0825,34.7438,4198.9729,56.517
2020-03-05,148.039,53.645,34.7965,4200.1656,57.1614
2020-03-06,148.22,53.0987,33.8975,4200.6749,56.1637
2020-03-09,148.1911,51.2994,32.3964,4202.7078,53.6295
2020-03-11,147.9299,51.3449,32.0067,4202.8702,53.3443
2020-03-12,147.1302,47.8039,29.1242,4199.1631,49.2353
2020-03-13,146.4248,48.5999,30.5589,4195.2449,50.2095
2020-03-16,146.3857,45.8588,28.5456,4195.5139,47.316
2020-03-17,145.7796,44.891,27.9135,4193.9895,46.2054
2020-03-18,145.1779,42.3458,26.7113,4186.9181,43.3121
2020-03-19,143.9765,41.0376,25.8841,4164.2442,42.0994
2020-03-20,144.6272,42.895,26.9588,4163.0671,45.0055
2020-03-23,143.7194,37.6463,23.4673,4152.1616,40.4996
2020-03-24,143.8304,38.446,23.8439,4144.3512,40.7455
2020-03-25,143.8304,40.4084,24.8444,4144.3512,41.754
2020-03-26,144.1796,42.2508,25.7611,4156.2809,43.3782
2020-03-27,147.851,42.4778,25.6579,4212.5014,43.3332
2020-03-30,147.6988,40.9103,24.722,4218.4355,42.9923
2020-03-31,148.1709,41.7364,25.7754,4219.8368,44.41
2020-04-01,148.1709,40.2742,24.836,4219.8368,43.7147
2020-04-03,147.8815,39.2576,24.394,4223.1814,43.6407
2020-04-07,147.1769,41.8335,26.1117,4228.7396,46.715
2020-04-08,146.4112,41.9653,26.2099,4225.2022,48.5326
2020-04-09,146.4196,43.829,27.2096,4221.4016,49.7311
2020-04-13,146.5785,42.8958,27.1091,4222.2748,49.7987
2020-04-15,146.8633,42.7458,27.1964,4223.0994,49.9375
2020-04-16,147.1239,42.8712,27.5178,4224.6042,50.6858
2020-04-17,147.947,44.1263,28.2597,4235.9524,50.8369
2020-04-20,148.7201,44.0535,28.2958,4241.9107,50.5395
2020-04-21,149.0212,42.8546,27.3648,4248.4573,49.9428
2020-04-22,149.0793,43.6292,27.6074,4251.0201,49.9446
2020-04-23,149.5527,44.2908,27.7376,4257.8975,50.6232
2020-04-24,148.6647,43.3221,27.2358,4253.9022,50.3992
2020-04-27,148.6922,43.9317,27.4545,4250.8959,51.6601
2020-04-28,148.5148,44.4792,27.5841,4245.0076,51.7687
2020-04-29,148.549,45.1796,28.1232,4246.2017,51.8212
2020-04-30,148.6556,46.2403,29.0772,4250.8578,51.9138
2020-05-04,149.0855,43.9775,27.499,4254.1526,51.7864
2020-05-05,149.4229,43.4431,27.154,4257.3671,51.7331
2020-05-06,149.8549,43.866,27.1651,4260.1611,52.105
2020-05-07,149.8549,43.1938,26.8711,4260.1611,52.0884
2020-05-08,150.1326,43.4867,26.7445,4264.2386,51.8829
2020-05-11,149.6699,43.4478,26.7118,4265.7032,51.8446
2020-05-12,149.9687,43.3466,26.7675,4271.4274,51.5599
2020-05-13,150.1633,43.8787,27.3614,4270.8111,51.6134
2020-05-14,150.5497,43.3273,26.8248,4271.4229,51.8594
2020-05-15,150.5483,43.2228,26.757,4275.9992,52.0253
2020-05-18,150.7375,41.8882,25.6605,4284.9352,50.8905
2020-05-19,150.8998,42.3384,25.7962,4288.6721,51.2438
2020-05-20,151.0347,43.1069,26.2835,4289.6827,51.6204
2020-05-21,151.1568,43.2827,26.5825,4294.3552,52.2025
2020-05-22,151.835,42.8272,26.2503,4299.3833,52.314
2020-05-26,151.9123,42.6159,26.2028,4306.032,52.2757
2020-05-27,151.8831,43.1592,26.8846,4306.1167,52.6368
2020-05-28,151.8499,44.0203,27.3793,4305.9734,52.9098
2020-05-29,151.8458,44.6462,27.8111,4301.7625,53.2197
2020-06-01,151.7027,45.6082,28.6179,4303.6551,53.8411
2020-06-02,151.5887,46.2677,28.8451,4303.0421,54.0996
2020-06-03,151.7291,46.5934,29.0246,4303.7694,54.1472
2020-06-04,151.7144,46.2798,29.0746,4302.9475,54.1289
2020-06-05,151.7947,46.7759,29.8914,4303.6425,55.0839
2020-06-08,151.7545,46.7292,30.1996,4305.6172,55.1066
2020-06-09,151.8323,46.218,29.7598,4305.7632,54.6084
2020-06-10,151.9285,46.4633,29.7963,4307.0927,54.8485
2020-06-11,152.0797,45.7706,29.0615,4310.1565,54.4155
2020-06-12,152.1202,46.1403,29.2344,4311.2397,54.6559
2020-06-15,152.2922,45.421,28.7242,4315.1713,54.2432
2020-06-16,152.463,45.8454,28.7353,4317.8417,54.8212
2020-06-17,152.6873,45.7357,28.7239,4318.5464,55.393
2020-06-18,152.9942,46.2021,29.3334,4324.4248,55.5556
2020-06-19,153.2792,46.54,29.8342,4326.3408,55.7688
2020-06-22,153.438,46.9144,30.2699,4325.789,57.4547
2020-06-23,153.6661,47.7131,30.7012,4327.428,58.2561
2020-06-24,153.6871,47.0349,30.127,4327.9788,57.1358
2020-06-25,153.8658,47.0816,30.1346,4328.6429,57.854
2020-06-26,154.0384,47.174,30.3769,4329.9344,57.5425
2020-06-29,154.1954,46.9765,29.8369,4329.6449,56.9851
2020-06-30,154.3407,47.0399,29.7608,4330.1984,56.3796
2020-07-01,154.4707,47.2575,30.1676,4332.0976,56.3051
2020-07-02,154.6381,47.6297,30.4217,4333.5809,56.5285
2020-07-03,154.7628,47.5785,30.6066,4336.8755,57.1696
2020-07-06,154.9799,48.2351,31.0298,4339.2371,58.113
2020-07-07,155.2208,49.0073,31.0631,4341.1793,57.935
2020-07-08,155.4959,48.2897,30.9103,4343.2338,58.0663
2020-07-09,155.6112,48.6452,31.1314,4344.087,58.298
2020-07-10,155.929,48.3586,30.9371,4345.9608,58.2981
2020-07-13,156.0307,48.0225,31.0347,4348.2801,58.6437
2020-07-14,155.9369,47.2694,30.5009,4346.9559,57.9919
2020-07-15,156.1332,47.3582,30.3927,4347.4749,57.9193
2020-07-16,156.1683,47.5782,30.7245,4347.9358,57.9806
2020-07-17,156.2261,48.0103,31.2684,4348.386,58.54
2020-07-20,156.312,48.7371,31.5268,4349.7322,59.059
2020-07-21,156.218,48.8579,31.9174,4350.8257,58.7706
2020-07-22,156.1462,48.5253,31.9028,4351.1503,58.8762
2020-07-23,156.2261,48.8602,32.2036,4351.7062,59.6438
2020-07-24,156.2363,48.2886,31.9681,4351.8154,59.3358
2020-07-27,156.1419,47.9389,31.6541,4353.5207,59.0559
2020-07-28,156.0234,48.6965,31.8804,4353.6483,59.3323
2020-07-29,156.0698,48.6187,31.7587,4353.8404,60.131
2020-07-30,156.1385,48.4634,31.3484,4354.5685,59.5941
2020-07-31,156.2908,48.6272,31.3942,4355.1666,60.404
2020-08-03,156.3569,48.0767,31.1644,4356.3316,61.0398
2020-08-04,156.4151,48.7527,31.5038,4357.4592,61.2955
2020-08-05,156.4515,48.9544,31.6211,4358.5009,61.3384
2020-08-06,156.273,49.3785,31.8681,4359.1377,62.1361
2020-08-07,156.1963,49.7696,31.9881,4358.6338,62.6111
2020-08-10,156.1579,50.3349,32.4045,4360.0294,63.6204
2020-08-11,156.1703,50.333,32.6573,4360.7977,62.9986
2020-08-12,156.1023,50.1173,32.8053,4361.3494,62.7556
2020-08-13,156.2204,50.2208,33.1484,4361.8782,62.7383
2020-08-14,156.1109,49.6459,32.7296,4362.347,62.6453
2020-08-17,156.1178,50.0781,32.8813,4363.6971,62.7396
2020-08-18,156.0848,50.7373,33.2615,4365.6229,63.2825
2020-08-19,156.0408,50.8747,33.4298,4366.3028,63.9355
2020-08-20,156.1183,50.7888,33.4968,4367.337,64.5637
2020-08-21,155.6426,51.046,33.7538,4368.2559,65.1165
2020-08-24,155.3393,51.5292,33.9332,4369.1162,65.6934
2020-08-25,155.4841,51.8047,34.0593,4369.0401,65.5694
2020-08-26,155.3989,51.9163,34.2236,4369.8086,65.7181
2020-08-27,155.293,51.8177,34.3118,4370.2899,65.2944
2020-08-28,155.1542,52.1529,34.6885,4370.9404,65.1476
2020-08-31,155.7972,50.578,33.6171,4372.3045,62.4756
2020-09-01,156.4621,51.2617,33.8474,4373.4455,63.1221
2020-09-02,156.5163,51.5632,34.0984,4373.5889,64.0911
2020-09-03,156.7417,51.7669,33.9705,4373.9936,64.2449
2020-09-04,156.774,51.1327,33.208,4374.4488,63.092
2020-09-07,156.5535,50.997,33.2136,4375.9053,63.1689
2020-09-08,156.1916,50.6846,32.8204,4376.2118,62.5035
2020-09-09,156.2123,50.3218,32.5343,4376.598,62.2926
2020-09-10,156.1513,50.6651,32.9323,4376.749,63.4366
2020-09-11,156.1152,50.7472,32.9639,4377.2109,63.7702
2020-09-14,156.1284,50.833,33.136,4378.5847,64.2841
2020-09-15,156.0004,51.2406,33.4069,4379.0681,65.1282
2020-09-16,156.1146,51.5236,33.4909,4379.3179,66.0678
2020-09-17,156.1649,51.2436,33.2161,4379.9396,65.84
2020-09-18,156.2039,51.1081,33.1958,4380.2814,66.3189
2020-09-21,156.2995,49.8814,32.2026,4381.6926,64.3706
2020-09-22,156.3459,49.5275,31.9912,4382.1581,63.7533
2020-09-23,156.4026,49.3347,31.6872,4382.387,64.4889
2020-09-24,156.37,48.0502,30.6627,4382.6886,63.2843
2020-09-25,156.3293,49.1743,31.5077,4383.1713,64.4883
2020-09-28,156.3511,50.1929,32.1213,4384.6086,65.6529
2020-09-29,156.3187,50.3304,31.8695,4385.4487,65.6623
2020-09-30,156.4483,50.5719,31.7045,4386.1231,65.6953
2020-10-01,156.6388,51.2488,32.1394,4386.904,65.7441
2020-10-05,156.763,51.3416,32.3962,4389.4847,66.4188
2020-10-06,156.8394,51.8471,32.6001,4390.6895,66.9087
2020-10-07,156.9459,51.769,32.5833,4392.2027,66.6421
2020-10-08,157.086,52.0817,32.7154,4393.0146,66.806
2020-10-09,157.7498,52.0684,33.0317,4393.6484,66.21
2020-10-12,157.882,52.0031,32.9711,4395.1137,65.9921
2020-10-13,158.0762,51.7895,32.9097,4395.391,65.8073
2020-10-14,158.1982,52.1671,32.938,4396.2372,65.7957
2020-10-15,158.3381,51.0383,32.1632,4396.7317,64.5317
2020-10-16,158.3327,51.5,32.5203,4397.261,65.1479
2020-10-19,158.4601,51.7939,32.9438,4398.6908,65.1275
2020-10-20,158.5896,51.9759,33.0023,4399.2865,65.2917
2020-10-21,158.5983,51.8558,33.2768,4399.7853,65.1698
2020-10-22,158.5705,51.8735,33.3529,4400.195,65.4607
2020-10-23,158.6936,52.3818,33.5848,4400.7309,65.8442
2020-10-26,158.8975,52.0546,32.9727,4402.2426,65.0052
2020-10-27,158.8713,53.3319,33.1139,4402.6028,65.2039
2020-10-28,158.857,52.7335,32.7227,4403.2058,65.1878
2020-10-29,158.8367,52.8208,32.5079,4403.6062,65.4769
2020-10-30,158.8367,52.6432,32.4778,4403.6062,65.9
2020-11-02,158.9295,52.8932,32.7807,4405.1472,66.0187
2020-11-03,158.9366,53.4532,33.1525,4405.5861,66.3515
2020-11-04,158.9374,54.0352,33.3429,4406.2541,66.9865
2020-11-05,159.1355,54.9099,34.062,4406.7614,68.4809
2020-11-06,159.2468,55.3169,34.3419,4407.199,68.6093
2020-11-09,159.2568,55.9657,34.9766,4408.6502,68.7861
2020-11-10,159.229,56.2903,35.5366,4409.1968,68.1961
2020-11-11,159.2531,56.9431,35.9428,4409.8311,68.1997
2020-11-12,159.3624,56.9553,35.7895,4410.5149,68.6813
2020-11-13,159.4146,57.2281,35.9169,4411.2065,68.9702
2020-11-17,159.5333,58.2212,36.5781,4413.0101,69.9825
2020-11-18,159.5898,58.5899,36.8277,4413.7605,70.3177
2020-11-19,159.7636,58.0742,36.3504,4414.744,70.0525
2020-11-20,159.8527,59.1344,36.5221,4415.3233,70.1959
2020-11-23,159.9304,59.8224,36.5889,4416.5255,71.0088
2020-11-24,159.983,60.1029,36.9157,4416.7467,71.9309
2020-11-25,160.1039,59.1082,36.3933,4417.2969,71.1447
2020-11-26,160.2708,59.7982,36.8286,4418.0768,71.7821
2020-11-27,160.2778,60.2353,36.7874,4418.6432,72.6231
2020-12-01,160.2519,60.5083,37.3095,4419.9359,74.4241
2020-12-02,160.1204,60.3507,37.5432,4419.5547,75.2548
2020-12-03,160.1281,60.7394,37.821,4419.9119,75.7648
2020-12-04,160.3103,61.0214,38.245,4420.5672,76.5668
2020-12-07,160.3502,61.1734,38.7575,4421.93,77.8069
2020-12-08,160.3514,61.3644,38.7901,4421.9973,77.2836
2020-12-09,160.3147,61.8566,39.0437,4422.082,77.5729
2020-12-10,160.344,61.9425,38.8646,4422.6387,77.427
2020-12-11,160.2922,61.9606,39.0473,4423.1467,77.5891
2020-12-14,160.3316,62.2695,39.3381,4424.3118,78.0139
2020-12-15,160.3865,62.6215,39.2438,4424.5835,78.3565
2020-12-16,160.3832,62.9874,39.5649,4424.8852,78.6263
2020-12-17,160.4015,63.309,39.6127,4425.2074,79.1871
2020-12-18,160.4386,63.654,39.6981,4425.6665,80.1387
2020-12-21,160.3923,61.9754,38.0794,4426.9505,77.0238
2020-12-22,160.403,62.375,38.529,4427.3621,78.4177
2020-12-23,160.4658,63.0442,39.1941,4427.7459,79.6855
2020-12-24,160.516,63.4684,39.6489,4428.2037,80.2602
2020-12-28,160.6676,63.9489,39.9554,4429.8268,81.1267
2020-12-29,160.7133,64.0114,40.0964,4430.3893,81.4013
2020-12-30,160.7819,64.5447,40.141,4431.1016,81.2929
2020-12-31,160.8071,64.6805,40.1811,4431.6311,81.4326
2021-01-01,160.8997,64.982,40.4005,4432.2723,82.3932
2021-01-04,161.0439,65.5681,40.9828,4433.6173,83.323
2021-01-05,161.2313,66.3871,41.091,4434.0473,84.2546
2021-01-06,161.2295,65.8741,41.0522,4434.2321,84.3043
2021-01-07,161.2821,65.7504,41.2561,4434.4073,83.8689
2021-01-08,161.3775,66.77,41.6488,4434.766,85.6288
2021-01-11,161.1259,67.1855,41.9657,4435.3463,85.8252
2021-01-12,160.9495,66.9093,42.3527,4435.5524,85.5099
2021-01-13,160.9046,66.0534,42.6892,4436.0023,85.51
2021-01-14,160.6885,66.0755,42.7469,4435.8973,85.9377
2021-01-15,160.6112,65.1807,42.3289,4436.2347,84.9691
2021-01-18,160.3776,63.9697,41.7673,4437.2077,83.4649
2021-01-19,160.3918,65.1644,42.3529,4437.2276,84.8174
2021-01-20,160.4846,65.6415,42.6989,4437.6557,84.4445
2021-01-21,160.5205,65.3636,42.3683,4438.1325,83.4044
2021-01-22,160.4748,65.0458,41.7735,4438.5359,82.2957
2021-01-25,160.5232,64.4204,41.3069,4439.8445,81.1978
2021-01-27,160.5509,63.2001,40.5252,4440.4967,79.5643
2021-01-28,160.5833,62.2646,40.3096,4440.9624,79.5197
2021-01-29,160.5977,61.0128,39.9285,4441.4099,79.1266
2021-02-01,160.0612,63.2909,41.8157,4442.5021,80.247
2021-02-02,159.6745,64.9817,42.8596,4442.9783,80.7035
2021-02-03,159.7469,65.4614,43.3242,4443.0069,82.0092
2021-02-04,159.7473,66.216,43.7496,4443.3787,82.3549
2021-02-05,159.5631,66.3772,44.0117,4443.9176,82.0774
2021-02-08,159.6672,67.1298,44.6087,4445.1846,83.0765
2021-02-09,159.5233,66.9563,44.5908,4445.4434,83.4124
2021-02-10,159.5324,67.59,44.5049,4446.1385,83.4387
2021-02-11,159.676,68.1178,44.7129,4446.5639,83.362
2021-02-12,159.745,68.1007,44.6208,4447.0261,83.2503
2021-02-15,159.817,69.3997,45.1394,4448.4874,83.2045
2021-02-16,159.8868,69.3418,45.0736,4449.1908,83.0116
2021-02-17,159.8489,68.6967,45.1552,4449.9012,83.0735
2021-02-18,159.7964,68.5185,45.2545,4450.5729,83.0797
2021-02-19,159.7964,67.9212,44.6158,4450.5729,82.2455
2021-02-22,159.5796,66.7885,43.7422,4451.8057,81.5641
2021-02-23,159.4945,66.8644,44.0671,4452.2577,81.801
2021-02-24,159.5155,67.3751,44.9125,4452.953,82.0946
2021-02-25,159.5286,67.5493,45.4713,4453.3035,83.7388
2021-02-26,151.4836,65.7906,44.1192,4453.6563,83.5002
2021-03-01,151.5474,66.6336,44.6362,4454.8733,85.2498
2021-03-02,151.6292,67.814,45.1308,4455.2571,86.9881
2021-03-03,151.6682,69.1273,46.0063,4455.677,87.3625
2021-03-04,151.6971,68.9431,45.564,4456.1148,88.2736
2021-03-05,151.6682,68.454,44.8532,4456.5838,86.7431
2021-03-08,151.7216,68.0512,45.2591,4457.7421,87.5496
2021-03-09,151.7148,68.541,45.1929,4458.0172,87.5484
2021-03-10,151.712,68.9064,45.4237,4458.656,87.4713
2021-03-12,151.6323,68.3853,44.9961,4459.6068,87.2898
2021-03-15,151.3381,67.9814,44.7914,4460.4413,87.2741
2021-03-16,151.3172,68.0344,44.6818,4461.0828,87.8189
2021-03-17,151.3473,67.2323,43.876,4461.5584,85.7745
2021-03-18,151.3901,66.2719,43.282,4462.2661,85.3837
2021-03-19,151.6387,66.7529,43.7629,4463.914,88.3019
2021-03-22,151.8479,66.8021,43.7908,4465.6383,89.3146
2021-03-23,152.2243,67.2521,43.9431,4466.5438,89.6235
2021-03-24,152.3847,66.1412,43.0084,4468.1462,88.0379
2021-03-25,152.4514,64.864,42.3903,4468.9404,86.5314
2021-03-26,152.5344,65.7904,42.9967,4469.9225,87.4733
2021-03-30,152.6579,66.5679,43.7782,4472.8737,89.5502
2021-03-31,152.7457,66.3499,43.5807,4473.9244,89.0426
2021-04-01,152.7457,67.0371,44.237,4473.9244,90.4644
2021-04-05,153.0069,66.1132,43.5112,4476.1675,90.8865
2021-04-06,153.2101,66.3985,43.5747,4477.6359,91.8145
2021-04-07,153.1454,67.4155,43.9786,4478.1117,92.4212
2021-04-08,153.1697,67.8958,44.0046,4478.0318,93.6119
2021-04-09,153.2609,67.7033,43.8531,4478.2206,95.195
2021-04-12,153.3259,65.222,41.9881,4479.0713,91.0016
2021-04-13,153.3259,65.5948,42.5952,4479.0713,91.6968
2021-04-15,153.2182,65.7774,42.7598,4480.5651,91.3154
2021-04-16,153.1445,66.3723,42.8801,4481.1175,92.2092
2021-04-19,153.2788,65.0908,42.0838,4482.8,91.1552
2021-04-20,153.322,65.0174,42.0253,4483.5807,91.9398
2021-04-22,153.3766,65.4039,42.4038,4485.0802,92.9617
2021-04-23,153.459,65.4656,42.3659,4485.6071,93.2959
2021-04-26,153.6353,65.8562,42.7973,4487.6174,93.8119
2021-04-27,153.7634,66.5924,43.3506,4488.2324,95.2842
2021-04-28,153.8557,67.9358,43.9291,4489.4762,95.7304
2021-04-29,153.8646,68.0292,43.8801,4489.9035,94.9422
2021-04-30,153.951,66.9264,43.37,4490.4089,94.7152
2021-05-03,154.0501,67.0875,43.5025,4492.0127,96.3213
2021-05-04,154.0742,66.6541,43.1654,4492.1951,96.3119
2021-05-05,154.1232,67.165,43.5666,4492.6502,98.0632
2021-05-06,154.1495,67.5074,43.8458,4493.103,98.8142
2021-05-07,154.1903,67.558,44.2139,4493.4725,99.8228
2021-05-10,154.2372,68.1078,44.6395,4494.3427,101.7622
2021-05-11,154.341,67.5422,44.6715,4494.945,103.9738
2021-05-12,154.3311,66.9675,44.3089,4495.2501,104.0749
2021-05-14,154.3309,66.5356,44.0648,4496.1837,101.9095
2021-05-17,154.4002,67.3697,44.7797,4497.5124,103.0522
2021-05-18,154.4638,68.7087,45.1787,4498.0406,103.9544
2021-05-19,154.599,68.4275,45.0959,4498.6005,103.9913
2021-05-20,154.6073,68.1195,44.7848,4499.0528,103.873
2021-05-21,154.6417,69.0525,45.6285,4499.7996,104.4634
2021-05-24,154.7069,69.0821,45.8781,4501.066,105.2387
2021-05-25,154.783,69.3104,45.9345,4501.4732,104.7153
2021-05-26,154.783,69.8961,46.1005,4501.4732,104.5778
2021-05-27,154.8336,70.0134,46.2878,4502.2382,104.8858
2021-05-28,154.8325,69.8483,46.3905,4502.9636,105.3639
2021-05-31,154.8591,70.2453,46.904,4504.3495,105.8356
2021-06-01,154.8506,70.3808,46.8615,4504.7396,104.9083
2021-06-02,154.8632,70.9471,47.0119,4505.1471,105.6999
2021-06-03,154.9384,71.495,47.2687,4505.6101,106.1394
2021-06-04,154.9869,71.582,47.254,4506.0013,106.6658
2021-06-07,155.1117,71.6821,47.5131,4507.6293,107.8234
2021-06-08,155.1383,71.682,47.4981,4508.225,107.8485
2021-06-09,155.2699,71.4079,47.2611,4508.9667,106.6064
2021-06-10,155.3161,72.3612,47.6711,4509.6472,107.8207
2021-06-11,155.3755,72.2529,47.7655,4510.308,108.2812
2021-06-14,155.429,72.4523,47.8037,4511.535,109.3974
2021-06-15,155.2961,72.8587,47.9897,4511.9268,109.4685
2021-06-16,155.0843,72.6385,47.7256,4511.8944,108.9361
2021-06-17,155.0726,72.3683,47.3949,4511.8824,107.7813
2021-06-18,155.1221,72.1931,47.1973,4512.2908,107.7961
2021-06-21,155.1952,72.3846,47.4709,4513.9233,108.33
2021-06-22,155.1506,72.5265,47.559,4514.3497,109.0671
2021-06-23,155.1573,72.1387,47.2607,4514.7703,109.382
2021-06-24,155.1814,72.5226,47.5491,4515.3187,109.1505
2021-06-25,155.1462,72.8784,47.9971,4515.6842,110.5951
2021-06-28,155.1258,72.8531,47.8369,4517.0898,110.4474
2021-06-29,155.1137,72.726,47.7099,4517.5694,109.7662
2021-06-30,141.9021,72.8723,47.6383,4518.1507,110.031
2021-07-01,141.9515,73.1256,47.5235,4518.9259,110.3494
2021-07-02,141.9245,73.4383,47.6878,4519.4941,111.4249
2021-07-05,142.0229,74.02,48.087,4520.9592,112.5249
2021-07-06,141.942,73.9922,47.9985,4521.2033,112.8844
2021-07-07,142.0218,74.2331,48.2858,4522.0571,113.5351
2021-07-08,142.1696,73.9363,47.8442,4522.7454,112.4426
2021-07-09,142.2029,74.0795,47.7858,4523.1592,112.6712
2021-07-12,142.1602,74.0474,47.7575,4524.9864,112.5196
2021-07-13,142.2948,74.0438,48.1585,4525.6012,113.1638
2021-07-14,142.2968,74.218,48.3071,4526.2224,113.9917
2021-07-15,142.3806,74.2924,48.5473,4526.8605,113.9896
2021-07-16,142.5092,74.3636,48.5607,4527.471,114.8708
2021-07-19,142.5654,73.9938,48.1744,4528.742,114.5825
2021-07-20,142.6213,73.8128,47.511,4529.3921,112.6394
2021-07-22,142.6239,74.5876,48.0885,4530.3651,114.4246
2021-07-23,142.6218,74.5025,48.2621,4531.0993,113.8497
2021-07-26,142.719,74.4544,48.3377,4532.5506,114.6399
2021-07-27,142.7747,74.294,48.2348,4533.1232,114.7306
2021-07-28,142.8006,74.1284,48.2816,4533.5097,114.8053
2021-07-29,142.8184,74.5288,48.6844,4533.9504,115.3692
2021-07-30,142.839,74.2211,48.6392,4534.3983,116.2014
2021-08-02,142.9005,75.0437,48.8843,4535.6836,117.6043
2021-08-03,142.9404,75.9397,49.5836,4536.3556,118.247
2021-08-04,142.9647,76.021,49.7887,4536.662,116.3895
2021-08-05,143.021,76.008,49.8586,4537.1769,114.8914
2021-08-06,142.91,75.8131,49.6375,4537.4717,115.0773
2021-08-09,142.9661,75.5804,49.5266,4538.8371,113.7666
2021-08-10,143.0486,75.5859,49.4644,4539.454,111.3368
2021-08-11,143.0625,75.3045,49.6093,4540.0409,111.6255
2021-08-12,143.136,75.6608,49.9821,4540.6884,113.4808
2021-08-13,143.2392,75.9653,50.4598,4541.514,113.2091
2021-08-16,143.2392,76.0397,50.5176,4541.514,112.9477
2021-08-17,143.3696,76.4159,50.5074,4543.6675,112.4596
2021-08-18,143.4818,76.6204,50.3397,4544.369,112.2595
2021-08-20,143.5164,76.3521,49.6961,4545.6082,110.1044
2021-08-23,143.5597,76.715,49.833,4547.064,108.5636
2021-08-24,143.5629,77.6842,50.2808,4547.5631,110.7465
2021-08-25,143.5853,77.9829,50.3978,4548.137,111.2587
2021-08-26,143.5893,78.268,50.3502,4548.8911,111.3224
2021-08-27,143.6277,78.8144,50.6595,4549.409,112.8523
2021-08-30,143.7535,80.0445,51.4278,4550.9194,114.5617
2021-08-31,143.7984,81.2869,52.0816,4551.4992,115.0803
2021-09-01,143.8746,81.3088,52.0683,4552.2255,115.819
2021-09-02,143.9444,81.864,52.4957,4552.8055,116.8384
2021-09-03,143.9699,82.0104,52.6263,4553.2738,118.3232
2021-09-06,144.0148,81.9726,52.6746,4554.5542,118.4129
2021-09-07,144.0042,81.7986,52.6217,4555.0241,117.1723
2021-09-08,144.0275,82.0739,52.6958,4555.4089,117.2561
2021-09-09,144.0574,82.255,52.9306,4555.6384,117.5904
2021-09-13,144.1118,82.6854,52.8952,4557.4219,118.0007
2021-09-14,144.1251,83.0189,53.0232,4557.8197,119.6825
2021-09-15,131.1996,83.3885,53.7101,4558.2018,120.1809
2021-09-16,131.2345,83.8102,54.0656,4558.655,120.0889
2021-09-17,131.2591,83.7154,53.7179,4559.0493,118.2959
2021-09-20,131.3222,83.2059,53.1463,4560.2789,116.2739
2021-09-21,131.3316,84.2897,53.5857,4560.6421,116.8253
2021-09-22,131.3513,84.2283,53.8415,4560.91,119.0567
2021-09-23,131.3554,85.1846,54.5914,4561.2573,121.3543
2021-09-24,131.2694,84.766,54.4681,4561.1966,120.4051
2021-09-27,131.258,84.3182,54.5839,4562.3518,120.5259
2021-09-28,131.3044,83.2962,54.1376,4562.483,118.9551
2021-09-29,131.2328,82.9626,54.349,4562.4166,119.5144
2021-09-30,131.2526,82.8497,54.23,4563.0293,119.6375
2021-10-01,131.2393,82.3533,53.9989,4563.6192,119.6067
2021-10-04,131.3094,83.6199,54.7566,4564.9696,121.3677
2021-10-05,131.2616,83.9434,55.2462,4565.2211,122.8085
2021-10-06,131.2459,83.3956,54.5693,4565.1852,121.0031
2021-10-07,131.2265,84.116,55.1058,4565.7022,123.9085
2021-10-08,131.2335,84.2722,55.3313,4566.5165,124.4168
2021-10-11,131.2562,84.9535,55.6508,4568.1669,125.0833
2021-10-12,131.2981,85.2721,55.7014,4568.8408,125.3865
2021-10-13,131.3582,86.6202,56.2755,4569.5195,126.7329
2021-10-14,131.3603,87.4659,56.8622,4569.9784,128.1077
2021-10-18,131.3686,86.906,57.047,4571.3598,128.1334
2021-10-19,131.3686,86.1444,56.4937,4571.3598,125.353
2021-10-20,131.3437,84.8923,56.3476,4571.9803,123.8136
2021-10-21,131.4413,84.6113,56.2027,4572.1817,124.0566
2021-10-22,131.4697,83.9738,55.9366,4572.6342,123.5795
2021-10-25,131.5009,82.4621,55.9012,4573.4961,122.3886
2021-10-26,131.4286,83.7637,56.315,4573.5217,124.2359
2021-10-27,131.4254,84.0077,56.1918,4573.0305,125.1766
2021-10-28,131.396,83.2316,55.0676,4573.4098,120.5865
2021-10-29,131.3687,82.6397,54.5479,4573.74,121.125
2021-11-01,131.3951,83.4744,55.6464,4574.986,122.3731
2021-11-02,131.3907,83.3971,55.7095,4575.5992,124.3528
2021-11-03,131.4386,83.3546,55.5728,4576.4689,123.9671
2021-11-08,131.6163,84.5536,56.3817,4579.5727,126.5553
2021-11-09,131.6599,84.4667,56.5542,4580.4955,129.4627
2021-11-10,131.659,84.6363,56.4731,4581.0272,128.5292
2021-11-11,131.6866,84.2245,56.0398,4581.6809,126.7011
2021-11-12,131.6894,85.3485,56.6546,4582.2852,127.8162
2021-11-15,131.7417,85.4638,56.5221,4583.8046,127.9441
2021-11-16,131.7479,85.7294,56.0445,4584.2467,128.2358
2021-11-17,131.7489,85.3839,55.7898,4584.6403,127.615
2021-11-18,131.7944,84.4609,55.1957,4585.2098,127.7737
2021-11-22,131.858,81.8661,54.0495,4586.9664,124.8428
2021-11-23,131.8686,82.4535,54.7064,4587.4715,126.6971
2021-11-24,131.8645,82.3818,54.5854,4587.9394,126.7601
2021-11-25,131.8704,82.6405,54.8638,4588.3537,127.3085
2021-11-26,131.8818,80.5581,52.9581,4588.7366,124.5182
2021-11-29,131.9194,80.6496,52.7408,4590.1587,123.4947
2021-11-30,131.9668,80.8104,52.6169,4590.8319,123.2882
2021-12-01,131.9697,81.2494,53.2262,4591.4405,125.2689
2021-12-02,132.0146,82.3468,53.7638,4591.9844,126.1115
2021-12-03,132.0162,81.7367,53.399,4592.389,125.6791
2021-12-06,132.0903,80.1411,52.5657,4593.7536,123.5684
2021-12-07,132.0998,81.2636,53.4281,4594.1589,125.9046
2021-12-08,132.1611,82.3253,54.3811,4595.1205,127.8777
2021-12-09,132.162,82.4078,54.5585,4595.4849,128.936
2021-12-10,132.1656,82.4418,54.5616,4595.9446,130.5146
2021-12-13,132.1789,81.7787,54.2816,4597.4011,130.5165
2021-12-14,132.2368,81.5686,54.1071,4597.7966,129.4064
2021-12-15,132.2563,81.0588,53.8186,4598.1811,128.0305
2021-12-16,132.2637,81.036,53.6826,4598.1818,127.2077
2021-12-17,132.2288,79.6694,52.7535,4598.6221,123.6749
2021-12-20,132.1983,77.5931,51.4184,4599.9703,119.71
2021-12-21,132.1135,78.0346,51.9621,4600.15,121.795
2021-12-22,120.8645,79.1261,52.5914,4600.4721,123.2628
2021-12-23,120.8813,79.6287,52.8344,4600.6583,124.1931
2021-12-24,120.886,79.1895,52.588,4601.4172,122.874
2021-12-27,120.9367,79.5375,52.7089,4603.0952,123.3188
2021-12-28,120.8977,80.3139,53.2426,4603.583,124.576
2021-12-29,120.9039,80.2977,53.1347,4604.2224,124.4717
2021-12-30,120.9049,80.2221,53.1015,4604.8427,123.8013
2021-12-31,120.9424,81.2402,53.6105,4605.4674,125.2807
2022-01-03,120.9791,82.4289,54.3991,4607.4503,126.5068
2022-01-04,120.9326,83.287,54.9154,4607.9349,126.4906
2022-01-05,120.9314,83.8475,55.148,4608.5927,127.2368
2022-01-06,120.9577,83.5037,54.8331,4609.1648,127.2091
2022-01-07,120.9547,83.8626,54.8875,4609.615,126.9977
2022-01-10,120.9198,83.7001,55.5418,4611.0181,128.6834
2022-01-11,120.9723,83.932,55.7781,4611.553,128.9376
2022-01-12,121.0236,83.6159,56.42,4612.1668,130.4142
2022-01-13,121.0679,83.4606,56.5521,4612.896,130.9552
2022-01-14,121.0906,83.7325,56.628,4613.4875,131.3247
2022-01-17,121.0746,84.1011,56.5581,4614.8942,131.6676
2022-01-18,121.0769,83.0109,55.9155,4615.3083,129.7285
2022-01-19,121.0829,81.8537,55.6133,4615.2395,129.4117
2022-01-20,121.1056,81.238,55.2412,4615.744,129.1206
2022-01-21,121.133,79.7572,54.656,4616.2092,126.9673
2022-01-24,121.1248,76.6805,53.1466,4617.7111,122.3992
2022-01-25,121.1535,76.7127,54.0577,4618.0168,124.1798
2022-01-27,121.1095,75.3274,53.7011,4618.7539,124.5614
2022-01-28,121.1287,75.6428,53.7749,4619.2857,126.2127
2022-01-31,121.2264,76.8741,54.7458,4620.7865,128.1208
2022-02-01,121.041,77.887,55.3735,4620.5663,129.7313
2022-02-02,120.9797,79.1057,56.0001,4619.9429,132.0523
2022-02-03,121.0079,78.1087,55.544,4620.4475,131.6462
2022-02-04,121.0091,78.1271,55.2995,4620.8555,130.6492
2022-02-07,121.0091,76.5225,54.5047,4620.8555,129.3986
2022-02-08,121.1629,76.2751,54.5086,4622.9825,128.2557
2022-02-09,121.2257,77.128,55.0412,4623.3864,129.718
2022-02-10,121.4458,77.5656,55.4149,4625.1949,130.321
2022-02-11,121.5265,76.053,54.5917,4625.8896,128.1104
2022-02-14,121.6236,74.1305,52.6686,4627.9324,123.3325
2022-02-15,121.6181,76.0554,54.2458,4628.7003,126.5317
2022-02-16,121.6448,75.8994,54.128,4629.5429,126.5886
2022-02-17,121.6561,75.8591,54.0568,4630.1005,126.1227
2022-02-18,121.6824,75.2152,53.9536,4630.4697,125.0481
2022-02-21,121.7193,74.9357,53.7433,4631.8507,124.0226
2022-02-22,121.6893,74.6777,53.1845,4632.2755,122.14
2022-02-23,121.7264,74.8289,53.1129,4632.8729,122.4841
2022-02-24,121.7161,71.3778,50.5103,4633.3979,115.354
2022-02-25,121.7161,73.9328,51.9245,4633.8466,120.143
2022-02-28,121.7348,74.4883,52.1261,4635.194,121.3314
2022-03-02,121.665,73.8204,51.4979,4636.0196,120.9498
2022-03-03,121.6296,73.3142,51.257,4635.5449,121.306
2022-03-04,121.6603,71.6986,50.5231,4635.9975,118.5841
2022-03-07,121.6023,69.7358,49.4198,4637.2965,116.5848
2022-03-08,121.5935,70.6214,50.1075,4637.4429,118.3143
2022-03-09,121.6144,71.7508,51.1626,4637.9572,121.8261
2022-03-10,121.6699,73.0061,51.7675,4638.5529,122.1145
2022-03-11,121.6652,73.1308,51.9161,4639.5085,122.6214
2022-03-14,121.7179,73.5318,52.6659,4641.6497,122.8303
2022-03-15,121.8177,73.1899,52.1763,4642.8394,122.4305
2022-03-16,121.7919,74.358,53.1544,4643.7689,124.5593
2022-03-17,121.8816,75.7167,53.9074,4644.4722,125.8022
2022-03-21,121.9474,74.8165,53.3653,4646.9229,126.3259
2022-03-22,121.9441,75.2075,53.9773,4647.284,126.368
2022-03-23,112.8231,75.0377,53.9523,4648.1251,127.2515
2022-03-24,112.8542,74.6781,53.9304,4649.185,130.0787
2022-03-25,112.9034,74.332,53.8267,4649.9585,130.6546
2022-03-28,112.9448,74.1641,54.1012,4651.7928,130.1468
2022-03-29,112.9912,74.6649,54.5227,4652.382,132.7146
2022-03-30,113.0255,75.6682,55.0212,4653.235,134.3213
2022-03-31,113.0782,75.5061,54.959,4654.7981,135.6836
2022-04-01,113.0782,76.3631,55.7151,4654.7981,137.1696
2022-04-04,113.1171,77.7401,56.8326,4657.4126,138.1757
2022-04-05,113.1661,77.8618,56.5848,4657.8426,138.396
2022-04-06,113.1607,77.2841,56.4694,4658.9033,139.2868
2022-04-07,113.1825,76.7796,56.1015,4659.715,138.7343
2022-04-08,112.9062,77.5007,56.5618,4657.34,141.3035
2022-04-11,112.8479,77.4023,56.2116,4658.4514,141.742
2022-04-12,112.8405,76.6442,55.6751,4659.2025,140.066
2022-04-13,112.6844,76.3584,55.633,4658.6761,139.5462
2022-04-18,112.8584,75.4011,54.7058,4661.7632,138.4153
2022-04-19,112.9046,74.1182,53.9044,4663.0264,136.215
2022-04-20,112.936,74.5345,54.1133,4664.1992,136.0407
2022-04-21,112.956,75.4805,54.8144,4665.1007,138.0841
2022-04-22,112.959,75.0345,54.2467,4665.5094,136.7078
2022-04-25,113.0615,74.1743,53.4328,4667.0374,133.3753
2022-04-26,113.0579,75.2145,54.1408,4667.5017,135.9278
2022-04-27,113.0954,73.9744,53.7566,4667.9813,135.4855
2022-04-28,113.0848,74.7458,54.449,4668.3986,136.1467
2022-04-29,113.0956,74.2535,54.0345,4668.6368,135.4238
2022-05-02,113.1319,74.1048,53.9804,4670.3438,135.1252
2022-05-04,112.4331,71.9729,52.716,4663.213,130.5776
2022-05-05,112.3588,71.8904,52.8648,4659.8157,130.9687
2022-05-06,112.244,68.9738,52.1522,4659.6753,129.5722
2022-05-09,112.2672,68.3816,51.7456,4661.0231,127.1131
2022-05-10,112.3479,67.7491,51.4411,4661.6695,124.5986
2022-05-11,112.3991,66.8623,51.1851,4661.465,122.6652
2022-05-12,112.433,65.4083,50.2057,4661.152,120.1196
2022-05-13,112.3647,65.4373,50.0751,4660.4211,120.7455
2022-05-16,112.3647,66.2938,50.3452,4660.4211,123.2696
2022-05-17,112.4137,67.8271,51.6228,4663.1568,126.9614
2022-05-18,112.4368,67.772,51.348,4663.6769,127.1144
2022-05-19,112.4539,65.8496,50.0608,4663.7603,123.9027
2022-05-20,112.4374,66.8472,51.3877,4664.2514,127.5141
2022-05-23,112.5061,66.6512,51.2103,4666.596,126.5524
2022-05-24,112.5432,66.3628,51.0128,4667.5383,125.0677
2022-05-25,112.5511,65.4557,50.6071,4668.4291,122.4912
2022-05-26,112.5751,66.161,51.1683,4669.0501,123.7339
2022-05-27,112.5875,67.2291,51.8461,4669.7316,125.3669
2022-05-30,112.6166,68.533,52.9636,4671.509,128.3099
2022-05-31,112.6801,69.1361,52.9128,4672.3555,127.6661
2022-06-01,112.5519,68.8319,52.8958,4673.3433,127.7555
2022-06-02,112.579,68.8276,53.0168,4673.7496,128.9305
2022-06-03,112.5469,68.0717,52.7132,4674.391,127.1436
2022-06-06,112.53,67.548,52.5736,4675.7967,126.8011
2022-06-07,112.4553,66.7412,52.1924,4674.5003,126.1756
2022-06-08,112.5902,66.9337,52.1342,4677.4139,125.6039
2022-06-09,112.6487,67.2604,52.3177,4678.2477,126.4198
2022-06-10,112.6848,66.1339,51.6231,4678.9235,125.7057
2022-06-13,112.5985,64.4339,50.2444,4680.1182,121.5062
2022-06-14,112.583,64.3993,50.1911,4680.7705,121.4934
2022-06-15,112.5757,64.8568,50.1985,4681.0599,120.9835
2022-06-16,112.5715,63.7459,49.0656,4681.3669,117.8647
2022-06-17,112.5783,62.9852,48.8704,4681.5415,117.286
2022-06-20,112.7336,63.378,48.831,4683.6357,115.4594
2022-06-21,112.757,64.4233,50.0441,4684.3607,119.1233
2022-06-22,105.1767,63.7074,49.3373,4685.4043,116.656
2022-06-23,105.2106,64.47,49.9249,4686.3543,118.0699
2022-06-24,105.1971,65.2431,50.3956,4687.3746,119.9259
2022-06-27,105.2922,65.5288,50.894,4689.5122,120.9324
2022-06-28,105.2771,65.4275,51.1004,4690.0126,121.3901
2022-06-29,105.2859,64.8133,50.9696,4690.6171,121.3045
2022-06-30,105.3199,64.3604,50.8161,4691.8689,119.9835
2022-07-01,105.3963,65.0877,51.062,4693.1419,120.3586
2022-07-04,105.4884,65.6105,51.5891,4695.8615,121.6048
2022-07-05,105.5371,65.7151,51.558,4697.1427,121.5446
2022-07-06,105.7065,67.1482,52.1807,4698.6958,123.1503
2022-07-07,105.7041,67.537,52.812,4699.4328,125.0387
2022-07-08,105.6723,67.7009,53.0855,4699.9447,125.3723
2022-07-11,105.672,67.7432,53.1047,4701.8292,126.5195
2022-07-12,105.7093,66.9495,52.5995,4702.207,126.1713
2022-07-13,105.7695,67.1057,52.3834,4703.3254,125.9255
2022-07-14,105.776,67.0015,52.1586,4703.9887,125.1583
2022-07-15,105.776,67.5691,52.456,4704.6836,125.9286
2022-07-18,105.788,68.6155,53.1627,4706.4281,127.6418
2022-07-19,105.7996,68.925,53.3869,4706.7889,128.5486
2022-07-20,105.8304,69.1252,53.9525,4707.0615,128.3494
2022-07-21,105.8401,69.9609,54.4328,4707.005,130.3175
2022-07-22,105.8449,69.9601,54.701,4707.6646,130.4869
2022-07-25,105.9141,69.7673,54.6553,4709.8015,130.5051
2022-07-26,105.9161,69.1326,54.1738,4709.6138,129.8095
2022-07-27,105.9293,69.8525,54.7223,4709.4904,130.9163
2022-07-28,105.9484,71.9063,55.5448,4710.3011,131.0739
2022-07-29,106.0066,72.9947,56.0689,4711.2872,132.6375
2022-08-01,106.1219,73.7095,56.694,4714.5361,134.3873
2022-08-02,106.1993,74.0304,56.7489,4715.8905,134.5169
2022-08-03,106.15,73.8828,56.7417,4716.4678,133.9674
2022-08-04,106.2254,74.2272,56.6734,4717.3196,132.7787
2022-08-05,106.1086,74.6044,56.6969,4717.2189,133.3098
2022-08-08,106.1541,74.8976,57.1191,4719.2694,134.0048
2022-08-10,106.2542,74.4544,57.141,4720.8499,133.684
2022-08-11,106.3209,75.3237,57.7547,4721.6218,134.6731
2022-08-12,106.3294,75.3228,57.8835,4722.2678,134.4421
2022-08-16,106.3294,75.8512,58.4553,4722.2678,136.1543
2022-08-17,106.5092,76.5286,58.8383,4726.2839,136.0795
2022-08-18,106.5141,76.6729,58.8693,4727.0674,136.2458
2022-08-19,106.5072,75.7918,58.113,4727.9443,135.94
2022-08-22,106.5568,74.4093,57.305,4730.0494,134.4195
2022-08-23,106.5597,74.7255,57.6726,4730.9164,135.7256
2022-08-24,106.599,75.1045,57.8701,4731.7676,137.2337
2022-08-25,106.5824,74.9546,57.6711,4732.2661,136.5525
2022-08-26,106.6296,75.2754,57.835,4732.6881,138.0588
2022-08-29,106.6906,74.3321,57.0299,4734.7974,137.4254
2022-08-30,106.7038,76.2211,58.3873,4735.4654,139.8072
2022-09-01,106.7475,76.0456,58.1166,4737.0132,140.3487
2022-09-02,106.7705,76.2954,58.3472,4738.0271,141.5479
2022-09-05,106.8191,76.3428,58.8258,4740.6276,142.5414
2022-09-06,106.8291,75.9521,58.7072,4741.5332,142.6098
2022-09-07,106.8681,76.0521,58.716,4742.3355,143.2948
2022-09-08,106.9005,76.6277,59.143,4743.0082,144.5818
2022-09-09,106.9116,76.641,59.2261,4743.7475,145.2952
2022-09-12,106.954,76.9253,59.5275,4745.6667,146.6505
2022-09-13,106.9983,77.3455,60.0168,4746.1654,147.0281
2022-09-14,106.9625,77.092,59.9678,4746.0148,147.7233
2022-09-15,106.9084,76.9184,59.8214,4746.1608,148.0874
2022-09-16,106.8585,74.951,58.5408,4746.4594,144.6279
2022-09-19,106.8748,75.4771,58.8468,4748.6951,146.4419
2022-09-20,106.824,76.1536,59.4954,4748.1787,148.0999
2022-09-21,106.8072,75.5546,59.3053,4748.1439,147.089
2022-09-22,106.7549,75.5508,59.0847,4748.3794,147.0275
2022-09-23,106.6333,74.1328,58.0424,4748.4249,143.7564
2022-09-26,106.6784,72.7149,56.7917,4748.9929,138.9011
2022-09-27,106.6575,72.7936,56.8673,4747.9878,139.239
2022-09-28,106.6485,72.5238,56.3003,4748.7921,137.5252
2022-09-29,106.7145,72.1439,56.3687,4751.0903,138.4288
2022-09-30,106.7948,73.174,57.2955,4753.1669,140.7102
2022-10-03,106.8261,72.5115,56.8006,4756.8968,137.917
2022-10-04,106.8856,74.1916,58.0773,4758.2177,141.5815
2022-10-06,106.8875,74.0728,58.4078,4759.7043,142.8724
2022-10-07,106.8408,73.8803,58.3747,4759.8123,142.9606
2022-10-10,106.8233,73.3259,58.0159,4760.9666,142.0986
2022-10-11,106.782,72.1344,57.2407,4759.9544,139.2999
2022-10-12,106.808,72.7405,57.76,4760.2893,140.5843
2022-10-13,106.812,72.2693,57.3017,4760.9857,139.159
2022-10-14,106.7922,72.6922,57.6903,4761.2049,139.0192
2022-10-17,106.9437,72.939,58.0779,4763.8856,140.1157
2022-10-18,106.9767,73.3122,58.7943,4764.8776,142.0911
2022-10-19,106.997,73.525,58.8804,4765.3101,142.1461
2022-10-20,106.9757,74.0023,58.9149,4765.9275,142.4291
2022-10-21,106.9649,73.1574,58.7779,4766.0779,141.3402
2022-10-25,107.112,73.2124,59.1957,4769.6382,142.4703
2022-10-27,107.2349,73.0833,59.4758,4771.9116,143.6154
2022-10-28,107.2137,73.0108,59.3351,4772.4939,143.3029
2022-10-31,107.2729,73.9984,60.0929,4775.3215,144.5066
2022-11-01,107.2818,74.829,60.4832,4776.3935,144.4554
2022-11-02,107.303,74.5626,60.4681,4777.494,144.3572
2022-11-03,107.2944,74.4512,60.3416,4778.3629,145.4311
2022-11-04,107.307,74.6355,60.3565,4779.3106,145.65
2022-11-07,107.3633,74.3683,60.7799,4782.0135,146.1047
2022-11-09,107.4581,74.0695,60.6581,4783.6951,147.5742
2022-11-10,107.5243,73.2877,60.1695,4784.6486,146.8062
2022-11-11,107.6105,74.2379,61.031,4785.9519,146.303
2022-11-14,107.6593,74.4336,60.8177,4788.6422,145.9642
2022-11-15,107.709,74.2266,60.9913,4789.6235,145.8004
2022-11-16,107.7065,73.9799,60.9049,4790.8597,144.3685
2022-11-17,107.7346,73.3032,60.6965,4792.1498,144.0831
2022-11-18,107.7527,73.0331,60.4063,4792.9297,144.3165
2022-11-21,107.8002,72.5227,60.0089,4795.592,145.1487
2022-11-22,107.8369,72.8393,60.2946,4796.1731,146.2966
2022-11-23,107.8393,73.0808,60.3964,4797.0432,147.0259
2022-11-24,107.8882,73.4842,61.0913,4797.8653,147.5941
2022-11-25,107.9066,73.4058,61.3614,4798.8306,149.2333
2022-11-28,107.9959,73.7588,61.4737,4801.6441,149.9924
2022-11-29,107.99,73.8042,61.5472,4802.6233,149.7115
2022-11-30,108.0334,74.3607,62.0074,4803.702,149.665
2022-12-01,108.0832,74.7124,62.1939,4804.6714,151.3128
2022-12-02,108.0988,74.5548,61.9567,4805.6153,152.3886
2022-12-05,108.1499,74.5897,61.9412,4808.5531,153.079
2022-12-06,108.1762,74.5749,61.7369,4809.7359,152.9156
2022-12-07,108.1551,74.2084,61.6493,4809.8806,152.6613
2022-12-08,108.1783,74.0809,61.965,4810.9594,154.7371
2022-12-09,108.1868,73.7258,61.5993,4812.0976,152.6343
2022-12-12,108.2614,73.8144,61.7656,4814.8064,153.6017
2022-12-13,108.2884,74.2943,61.9566,4815.7694,155.1466
2022-12-14,108.3488,74.7981,62.2139,4816.8856,155.6215
2022-12-15,108.3336,74.0003,61.5309,4817.6496,153.8581
2022-12-16,108.3466,73.0535,60.9743,4818.3944,151.1821
2022-12-19,108.3837,73.7565,61.3839,4821.0899,152.521
2022-12-20,108.4123,73.6085,61.1708,4821.9236,152.0756
2022-12-21,108.3843,72.9939,60.3715,4822.8082,148.566
2022-12-22,108.3903,72.4265,59.9458,4823.8607,146.8345
2022-12-23,108.4095,70.9687,58.7086,4824.8666,140.3861
2022-12-26,108.4303,71.8064,59.7394,4827.4361,145.8291
2022-12-27,108.472,72.2696,60.1591,4828.4262,148.0385
2022-12-28,108.4921,72.239,60.2411,4829.6393,148.2089
2022-12-29,108.4982,72.326,60.3423,4830.6366,148.6537
2022-12-30,108.5225,72.1133,60.2066,4832.4416,150.2585
2023-01-02,108.5922,72.1487,60.5329,4835.6726,152.1024
2023-01-03,108.627,72.4388,60.6308,4836.6654,152.9569
2023-01-04,108.6262,71.6233,59.942,4837.2825,150.964
2023-01-05,108.6405,70.7817,59.9027,4838.2055,151.8208
2023-01-06,108.6235,70.0052,59.6299,4839.1205,150.5603
2023-01-09,108.7189,70.68,60.3555,4841.5665,152.2843
2023-01-10,108.7409,70.3295,59.9286,4842.2513,150.9817
2023-01-11,108.7682,70.0302,59.9785,4842.8852,151.3555
2023-01-12,108.8154,70.1017,59.9049,4843.8117,150.5384
2023-01-13,108.8441,70.263,60.0927,4844.4447,151.2559
2023-01-16,108.8945,69.659,59.8648,4846.8968,151.418
2023-01-17,108.9098,69.8692,60.2145,4847.748,150.919
2023-01-18,108.929,70.0482,60.5831,4848.4779,150.7411
2023-01-19,108.9578,69.4972,60.5459,4849.4433,150.8009
2023-01-20,108.9335,69.0239,60.3714,4850.3717,150.0517
2023-01-23,108.9803,69.3624,60.6805,4852.3769,150.2557
2023-01-24,108.9995,69.2382,60.6472,4853.5428,149.1414
2023-01-25,108.9962,68.4487,59.7049,4854.3406,146.0043
2023-01-27,108.9787,68.0593,58.8704,4856.2499,141.3707
2023-01-30,109.0072,68.4819,58.9542,4858.6105,141.1836
2023-01-31,109.0678,68.3442,59.33,4859.608,144.6578
2023-02-01,109.1849,68.5751,59.4179,4860.9087,141.189
2023-02-02,109.2186,68.5272,59.4591,4862.0712,141.4343
2023-02-03,109.2425,68.936,60.0787,4863.0655,141.8329
2023-02-06,109.2662,68.7995,59.9718,4865.8858,142.1399
2023-02-07,109.2826,68.8848,59.7885,4866.7645,141.3997
2023-02-08,109.2472,69.6656,60.1886,4867.0541,142.2113
2023-02-09,109.2446,69.8143,60.2739,4867.6435,142.1272
2023-02-10,109.2412,69.8154,60.2259,4868.889,142.8888
2023-02-13,109.2826,68.9661,59.9403,4871.84,141.6187
2023-02-14,109.248,69.1866,60.3002,4872.3521,141.9587
2023-02-15,109.2929,70.0632,60.5621,4873.2698,143.1622
2023-02-16,109.3243,70.5816,60.6047,4874.1626,144.3178
2023-02-17,109.2924,70.0019,60.3654,4875.0045,143.2164
2023-02-20,109.378,69.9459,60.1557,4877.4781,143.177
2023-02-21,109.4182,69.9427,60.1318,4878.2092,142.6417
2023-02-22,109.3818,68.9248,59.2641,4878.6066,141.1745
2023-02-23,109.409,68.7063,59.3036,4879.256,141.2408
2023-02-24,109.4234,68.7126,59.1105,4879.8682,139.7942
2023-02-27,109.4341,68.4824,58.8267,4881.9457,139.1144
2023-02-28,109.4442,68.3805,58.6303,4883.0447,139.4266
2023-03-01,109.43,68.9211,59.1352,4883.7542,141.0957
2023-03-02,109.447,68.5425,58.8032,4884.191,141.2125
2023-03-03,109.4874,68.7209,59.6132,4884.9987,143.2378
2023-03-06,109.5313,69.1585,59.9573,4887.7219,143.9738
2023-03-08,109.5103,69.0308,60.262,4889.4136,144.8362
2023-03-09,109.541,68.4496,59.8804,4890.7312,144.0023
2023-03-10,109.5769,67.9665,59.342,4892.7144,142.5247
2023-03-13,109.7345,67.0393,58.4031,4897.8864,139.6585
2023-03-14,109.7889,66.4865,58.1564,4899.157,137.9846
2023-03-15,109.8123,66.4041,57.9036,4899.9024,137.8601
2023-03-16,109.7988,66.6861,58.0008,4900.3,137.7193
2023-03-17,109.8366,66.8784,58.3714,4900.9665,137.9719
2023-03-20,109.9509,66.3291,57.9134,4904.6736,136.2904
2023-03-21,109.981,66.5076,58.3986,4906.6467,137.424
2023-03-22,109.981,66.8934,58.5299,4906.6467,137.8024
2023-03-23,110.0625,66.7888,58.2979,4909.366,136.7699
2023-03-24,110.0794,66.2364,57.7885,4909.7777,135.3902
2023-03-27,110.1469,66.0237,57.7058,4911.3784,135.0155
2023-03-28,110.1156,65.9999,57.6287,4911.9693,134.8072
2023-03-29,110.2525,66.7265,58.1541,4915.7024,137.2099
2023-03-31,110.3887,67.5488,59.0553,4921.7155,139.1977
2023-04-03,110.4369,68.1351,59.1936,4924.5576,140.0803
2023-04-05,110.5493,68.808,59.6706,4926.3066,140.1858
2023-04-06,110.7692,69.073,59.8319,4930.1761,140.8973
2023-04-10,110.8339,68.8753,59.9027,4935.0426,141.253
2023-04-11,110.847,69.4778,60.0753,4935.9458,141.9336
2023-04-12,110.9134,69.8881,60.3205,4937.7767,142.1034
2023-04-13,110.9273,70.0008,60.3609,4938.9491,142.5051
2023-04-17,110.9947,69.9252,60.1619,4942.8765,142.8324
2023-04-18,111.029,70.2852,60.0999,4944.4691,142.8466
2023-04-19,111.0669,70.0991,59.9873,4945.6851,142.7704
2023-04-20,111.0695,69.884,60.0665,4946.6385,142.8697
2023-04-21,111.1177,70.0472,60.0348,4947.616,142.112
2023-04-24,111.2444,70.1351,60.4513,4950.3,143.0605
2023-04-25,111.2845,70.2622,60.5932,4951.2321,143.2685
2023-04-26,111.3157,70.2651,60.8636,4952.2917,143.8899
2023-04-27,111.3747,70.8328,61.2076,4952.9107,143.9685
2023-04-28,111.3814,71.9798,61.8378,4953.5802,146.3658
2023-05-02,111.4551,71.9451,62.2082,4956.5376,147.4707
2023-05-03,111.534,72.0198,62.1695,4957.8892,146.9304
2023-05-04,111.556,72.9185,62.6908,4958.7909,148.1713
2023-05-05,111.556,72.7981,62.233,4958.7909,146.2396
2023-05-08,111.6462,73.7065,63.0419,4962.7655,147.3298
2023-05-09,111.6494,73.7085,62.9979,4963.4563,146.9646
2023-05-10,111.6632,74.1124,63.1904,4964.5985,146.4076
2023-05-11,111.6912,74.2638,63.2204,4965.4888,146.0869
2023-05-12,111.7357,74.2078,63.281,4966.2931,145.3671
2023-05-15,111.8017,73.9206,63.6571,4969.7348,146.1892
2023-05-16,111.8439,73.873,63.5284,4971.8411,146.0016
2023-05-17,111.8786,73.2558,63.3543,4973.2457,145.5436
2023-05-18,111.9625,73.0567,63.3171,4974.5789,144.5564
2023-05-19,111.9729,73.2915,63.419,4975.8054,144.5852
2023-05-22,112.1196,73.7622,63.4405,4981.3721,145.2982
2023-05-23,112.1072,74.1111,63.4799,4981.1777,145.2943
2023-05-24,112.1392,73.9094,63.3853,4981.7631,145.2001
2023-05-25,112.1468,74.2147,63.5885,4982.3941,145.579
2023-05-26,112.1609,75.2549,64.2631,4983.2404,146.9907
2023-05-29,112.1994,75.5785,64.536,4985.5343,147.2131
2023-05-30,112.2149,75.6253,64.7799,4986.4929,148.2581
2023-05-31,112.2328,75.5768,64.6705,4987.2829,148.2521
2023-06-01,112.3041,75.9464,64.62,4988.8385,148.8214
2023-06-02,112.3136,76.1186,64.8709,4990.0511,149.2749
2023-06-05,112.35,76.1444,65.1536,4993.0346,149.8771
2023-06-06,112.3976,76.5604,65.2544,4994.3002,149.9541
2023-06-07,112.4241,77.6009,65.8209,4995.4622,151.5583
2023-06-08,112.3995,76.8357,65.5102,4995.9409,150.4792
2023-06-09,112.3662,76.9204,65.3566,4996.2044,150.4985
2023-06-12,112.4181,77.4286,65.5378,4998.8233,151.3219
2023-06-13,112.4564,77.9565,66.0458,5000.2152,153.7676
2023-06-14,112.4522,77.9651,66.1179,5001.8616,154.3517
2023-06-15,112.4579,78.5273,65.8556,5002.8186,153.6912
2023-06-16,112.4688,79.3826,66.4095,5003.9814,154.8056
2023-06-19,112.5427,79.3349,66.2177,5006.9865,154.5752
2023-06-20,112.5543,79.259,66.528,5007.8745,154.9588
2023-06-21,112.5483,79.2999,66.5774,5008.6614,156.3535
2023-06-22,112.5347,78.3375,66.0767,5009.8954,154.5586
2023-06-23,112.5447,77.6483,65.6157,5010.3598,153.1875
2023-06-26,112.5988,77.8,65.7673,5012.8809,153.8963
2023-06-27,112.6073,78.1501,66.2575,5013.5975,154.6907
2023-06-28,112.6521,78.6424,66.822,5014.8176,155.6911
2023-06-30,112.6635,79.0815,67.5552,5016.9921,156.8776
2023-07-03,112.6779,79.1417,68.0211,5020.3836,158.3986
2023-07-04,112.7332,79.7879,68.092,5022.0079,158.4254
2023-07-05,112.7734,79.9962,68.231,5023.1911,159.31
2023-07-06,112.7607,80.3788,68.5885,5024.0604,160.4979
2023-07-07,112.7417,79.6889,68.2028,5025.1711,160.1835
2023-07-10,112.7947,78.8891,68.2229,5027.7619,160.0343
2023-07-11,112.879,79.1498,68.6673,5028.798,161.057
2023-07-12,112.8785,79.3202,68.7079,5029.9035,161.5415
2023-07-13,112.9794,79.508,68.6128,5031.2973,159.8087
2023-07-14,113.0224,80.2997,69.1092,5032.5397,161.9301
2023-07-17,113.0933,80.1899,69.6452,5035.2332,163.2076
2023-07-18,113.1539,79.8305,69.622,5036.279,162.7716
2023-07-19,113.185,80.4138,70.0835,5037.1063,164.0955
2023-07-20,113.2135,80.242,70.5303,5038.5536,164.8306
2023-07-21,113.1867,79.9104,70.0801,5039.6374,164.2707
2023-07-24,113.252,79.672,70.0057,5042.5025,164.4436
2023-07-25,113.2068,79.7352,70.1493,5043.5119,165.269
2023-07-26,113.25,79.7424,70.4141,5044.5696,168.3166
2023-07-27,113.302,79.2279,70.1686,5045.4077,169.3005
2023-07-28,113.2233,79.5813,70.3768,5046.2306,170.6053
2023-07-31,113.2955,79.6969,70.8107,5048.9266,171.122
2023-08-01,113.3502,79.8018,70.8398,5049.9681,170.487
2023-08-02,113.371,79.1648,69.9106,5050.6815,167.2217
2023-08-03,113.3366,78.6486,69.5471,5051.485,167.6171
2023-08-04,113.3024,79.4055,70.0645,5052.3465,168.0284
2023-08-07,113.4145,79.6001,70.2492,5055.1632,168.9046
2023-08-08,113.4097,79.3359,70.2574,5056.1337,169.607
2023-08-09,113.4446,79.1715,70.6852,5057.0763,170.3286
2023-08-10,113.4695,78.8457,70.5498,5057.6916,170.7599
2023-08-11,113.4328,78.0866,70.33,5057.8363,170.0636
2023-08-14,113.4717,77.6284,70.11,5060.4159,169.3751
2023-08-16,113.4717,77.5465,70.2973,5060.4159,169.9728
2023-08-17,113.448,77.1435,70.0785,5062.4447,170.2875
2023-08-18,113.5055,76.6833,69.9331,5063.5186,170.2542
2023-08-21,113.5726,77.3089,70.284,5066.7137,171.144
2023-08-22,113.5608,77.6152,70.5786,5067.7783,172.4517
2023-08-23,113.6358,77.7681,70.942,5068.5481,172.3817
2023-08-24,113.6982,77.9647,70.8594,5069.6703,171.3185
2023-08-25,113.708,77.7906,70.2294,5070.6754,170.4103
2023-08-28,113.8221,77.9343,70.4455,5073.6043,171.586
2023-08-29,113.8467,78.4579,70.6185,5074.6012,171.7431
2023-08-30,113.8834,78.8146,70.9019,5075.8053,172.8789
2023-08-31,113.9005,78.33,70.7276,5076.7648,172.7257
2023-09-01,113.9205,78.7931,71.3664,5077.8025,175.3529
2023-09-04,113.9843,79.2103,71.717,5080.6577,177.596
2023-09-05,113.9984,79.6322,71.8802,5081.8207,179.1531
2023-09-06,113.9571,79.9096,72.046,5082.772,178.4506
2023-09-07,114.0437,80.2445,72.6174,5083.722,179.0615
2023-09-08,114.0015,80.6406,73.1125,5084.7079,180.5312
2023-09-11,114.0239,81.2572,73.7256,5087.4868,182.7023
2023-09-12,114.0096,80.9115,73.0049,5088.2771,178.5377
2023-09-13,114.1471,80.88,73.1441,5089.1732,180.7573
2023-09-14,114.2468,81.4094,73.3808,5090.1453,181.7795
2023-09-15,114.1634,81.6974,73.6158,5091.1568,181.8206
2023-09-18,114.2257,81.6682,73.4681,5093.8039,181.3955
2023-09-20,114.3068,81.0945,72.7731,5095.7244,179.8008
2023-09-21,114.3346,80.4578,72.0463,5096.3256,178.7128
2023-09-22,114.3437,80.1359,72.0196,5097.3696,178.4228
2023-09-25,114.3926,80.5412,71.8946,5100.2951,180.2127
2023-09-26,114.3858,80.8138,71.9923,5100.8639,180.7082
2023-09-27,114.4022,80.9407,72.2487,5102.1423,182.1994
2023-09-29,114.3746,80.2623,72.2725,5104.5685,182.3211
2023-09-30,114.3746,80.2623,72.2725,5105.5501,182.3211
2023-10-03,114.4257,80.4898,72.158,5108.6726,182.3246
2023-10-04,114.4301,80.1873,71.4828,5110.153,179.6064
2023-10-05,114.5152,80.5885,71.8691,5111.21,179.3514
2023-10-06,114.2282,81.281,72.2666,5111.5197,180.1273
2023-10-09,114.2335,80.6672,71.523,5114.2686,177.6778
2023-10-10,114.2773,81.3312,72.2501,5115.025,180.4485
2023-10-11,114.3772,81.9337,72.6358,5116.1458,181.7082
2023-10-12,114.4277,81.5568,72.8206,5117.0745,184.6935
2023-10-13,114.4576,81.8571,72.6009,5117.9674,183.7232
2023-10-16,114.515,81.4291,72.7253,5120.5154,184.1322
2023-10-17,114.5336,81.6217,73.0238,5121.4613,184.7153
2023-10-18,114.5264,81.0883,72.3949,5122.5565,182.6142
2023-10-19,114.5085,80.7616,72.2182,5123.2239,182.8728
2023-10-20,114.5203,80.6656,71.7026,5124.0558,180.2728
2023-10-23,114.5561,79.3914,70.5159,5126.8681,175.6322
2023-10-25,114.6385,78.9728,70.0111,5128.7631,174.6533
2023-10-26,114.6543,77.8286,69.2151,5129.78,173.6302
2023-10-27,114.6755,78.5618,70.0343,5130.8988,175.7887
2023-10-30,114.7213,78.6548,70.2094,5133.2666,176.3726
2023-10-31,114.7532,78.7876,70.1022,5134.2875,176.4723
2023-11-01,114.7619,78.4438,69.8843,5135.4541,176.6655
2023-11-02,114.8598,79.0811,70.5127,5136.4273,179.9886
2023-11-03,114.9185,79.4676,70.9984,5137.6592,180.4761
2023-11-06,114.9939,80.2539,71.6717,5140.8425,182.0635
2023-11-07,115.0481,80.4516,71.692,5141.9136,182.9201
2023-11-08,115.097,80.8372,71.8582,5142.8513,184.4927
2023-11-09,115.1482,80.9422,71.6223,5143.6261,184.0495
2023-11-10,115.1099,81.0978,71.6976,5144.3649,184.5793
2023-11-13,115.1762,81.1712,71.9087,5147.5146,185.9812
2023-11-15,115.3184,81.9033,72.4739,5149.5885,186.2844
2023-11-16,115.359,82.5266,72.7496,5150.4705,188.056
2023-11-17,115.4046,82.6567,72.556,5151.4842,187.8988
2023-11-20,115.4124,82.2374,72.4675,5154.4694,187.4619
2023-11-21,115.3462,82.3562,72.7049,5155.3252,187.9369
2023-11-22,115.3956,82.7354,72.6229,5156.2053,187.7058
2023-11-23,115.3838,82.3248,72.6659,5157.1238,187.2964
2023-11-24,115.3487,82.1289,72.6677,5158.0903,188.3907
2023-11-28,115.4606,82.5944,73.0792,5162.1408,190.1236
2023-11-29,115.5248,83.5921,73.7259,5163.0656,191.4374
2023-11-30,115.5118,84.2614,73.9678,5163.9629,193.1175
2023-12-01,115.4928,84.5496,74.703,5164.7124,195.4307
2023-12-04,115.5786,85.3715,76.0297,5167.6094,197.1594
2023-12-05,115.6087,85.591,76.3652,5168.7266,198.5721
2023-12-06,115.6714,86.0435,76.7791,5169.7717,198.8836
2023-12-07,115.7012,86.3885,77.1094,5170.8441,200.4017
2023-12-08,115.6975,85.9606,77.2576,5171.7529,197.9955
2023-12-11,115.7213,86.2758,77.584,5174.6676,199.035
2023-12-12,115.7387,85.7571,77.3349,5175.2278,197.3596
2023-12-13,115.7767,85.5812,77.7474,5176.1125,198.1083
2023-12-14,115.9449,86.9194,78.5552,5177.1524,200.3266
2023-12-15,116.0675,87.4489,79.423,5178.0931,201.5599
2023-12-18,116.1498,87.7642,79.4904,5180.8939,202.5117
2023-12-19,116.146,87.7026,79.6031,5182.0673,202.1036
2023-12-20,116.1637,85.8692,77.874,5183.1792,195.5966
2023-12-21,116.1666,86.3297,78.4313,5184.3051,200.3601
2023-12-22,116.1862,86.9823,78.7363,5185.1321,200.7116
2023-12-26,116.29,87.1531,78.9312,5189.3786,201.2701
2023-12-27,116.2785,87.8865,79.6145,5190.1856,201.6236
2023-12-28,116.2869,88.2002,80.057,5191.4852,204.9905
2023-12-29,108.2404,88.6224,80.2143,5193.5766,204.9528
2024-01-01,108.2962,88.5872,80.3877,5197.2106,205.9027
2024-01-02,108.302,88.7896,80.3585,5198.237,206.992
2024-01-03,108.3033,88.276,80.1318,5199.3473,207.2425
2024-01-04,108.3068,89.3141,80.9262,5200.3198,210.044
2024-01-05,108.2934,89.3931,81.059,5201.3986,210.1649
2024-01-08,108.4013,88.4806,80.3728,5204.44,207.5449
2024-01-09,108.4351,88.7379,80.6145,5205.5933,208.2746
2024-01-10,108.4687,88.6949,80.8502,5206.6308,208.8334
2024-01-11,108.4768,88.8697,81.1364,5207.6081,210.0325
2024-01-12,108.5277,89.2661,81.7745,5208.7335,211.1379
2024-01-15,108.6546,89.4426,82.2457,5211.8996,213.8548
2024-01-16,108.6565,89.0802,82.0535,5212.6448,212.2606
2024-01-17,108.6641,87.7973,80.4761,5213.6768,209.5256
2024-01-18,108.6691,87.3317,80.2485,5214.4832,212.8968
2024-01-19,108.6634,87.7628,81.0521,5215.4828,217.1791
2024-01-23,108.756,86.1726,79.3097,5218.8964,210.7529
2024-01-24,108.7584,87.1611,80.3079,5219.4493,214.264
2024-01-25,108.7795,86.7929,80.1233,5220.4806,216.4988
2024-01-29,108.8663,87.625,81.478,5224.7227,221.2243
2024-01-30,108.9094,86.7464,80.7813,5225.6473,220.0328
2024-01-31,108.9501,87.6883,81.5148,5226.6958,222.4922
2024-02-01,109.1334,87.5274,81.3917,5227.8426,221.5425
2024-02-02,109.2484,88.0783,81.7841,5228.987,224.8078
2024-02-05,109.2279,87.9175,81.5416,5232.0589,227.471
2024-02-06,109.2489,88.8898,82.272,5233.0702,229.7084
2024-02-07,109.2938,89.1219,83.0313,5234.3976,230.5055
2024-02-08,109.2929,88.8906,82.5897,5235.5175,230.7531
2024-02-09,109.2569,88.9904,82.8752,5236.1159,229.718
2024-02-12,109.3183,88.4978,81.6287,5239.0724,223.6698
2024-02-13,109.3221,88.5891,82.1878,5240.0332,224.633
2024-02-14,109.2938,88.6018,82.8433,5241.2555,226.8667
2024-02-15,109.3771,89.2836,83.1557,5242.6289,230.8369
2024-02-16,109.393,89.9501,83.5478,5244.0761,231.4292
2024-02-19,109.393,90.4864,83.7003,5244.0761,233.2058
2024-02-20,109.5383,90.5408,84.0611,5248.6377,232.8586
2024-02-21,109.5846,89.9277,83.7597,5250.0855,229.8352
2024-02-22,109.6091,90.5233,84.4739,5252.4138,232.5025
2024-02-23,109.6186,91.0211,84.6745,5253.4712,233.061
2024-02-26,109.7161,90.4475,84.4802,5256.6,231.8795
2024-02-27,109.7147,90.9648,84.5543,5257.5008,230.4211
2024-02-28,109.7569,89.799,83.6231,5259.1081,227.1551
2024-02-29,109.7711,89.9973,84.0569,5260.251,228.3154
2024-03-01,109.7834,90.8589,85.3718,5261.5919,231.8163
2024-03-04,109.8436,90.746,85.8389,5265.3638,237.4278
2024-03-05,109.8552,90.0501,85.8536,5266.8776,237.785
2024-03-06,109.9177,90.5435,85.81,5268.4947,235.9664
2024-03-07,109.9624,90.9543,86.2429,5269.8128,236.2258
2024-03-11,110.12,91.2347,85.4384,5274.1498,235.0175
2024-03-12,110.1246,91.1882,85.1058,5275.5439,233.8408
2024-03-13,110.1303,89.3397,83.42,5276.9295,222.2214
2024-03-14,110.1196,90.2709,84.0568,5277.4985,226.1193
2024-03-15,110.1319,90.1664,83.6902,5278.4609,223.9447
2024-03-18,110.144,90.5286,83.9851,5282.1891,227.5049
2024-03-19,110.114,90.1635,83.1639,5283.2986,223.281
2024-03-20,110.1485,90.1357,83.3538,5284.6048,224.0817
2024-03-21,110.2046,91.6362,84.4561,5285.8535,228.5007
2024-03-22,110.1729,92.3497,84.8535,5286.4682,228.6795
2024-03-26,110.1903,93.5808,85.0202,5289.8511,230.4922
2024-03-27,102.5361,93.9876,85.4068,5290.4767,231.2945
2024-03-28,102.7096,94.7358,86.2356,5297.0087,233.2261
2024-03-31,102.7632,94.7314,86.2324,5300.0371,233.2192
2024-04-01,102.7632,95.504,87.1447,5300.0371,237.4406
2024-04-02,102.7608,95.7608,87.1671,5304.0112,240.2601
2024-04-03,102.7932,95.9101,87.3591,5304.7841,243.228
2024-04-04,102.831,96.4476,87.5846,5306.7555,242.4742
2024-04-05,102.8278,96.6215,87.8656,5308.5645,242.7884
2024-04-08,102.7894,97.5362,88.4212,5311.3856,242.6806
2024-04-09,102.7894,97.5888,88.3609,5311.3856,242.3212
2024-04-10,102.8998,97.6149,88.6487,5315.0084,244.7396
2024-04-12,102.7853,97.352,87.8748,5317.4247,242.7975
2024-04-15,102.8695,95.7903,86.7351,5320.2438,239.8675
2024-04-16,102.834,95.2528,86.4844,5321.3584,240.657
2024-04-18,102.878,94.7785,85.9544,5322.9549,241.6394
2024-04-19,102.785,95.0403,86.5741,5323.488,240.6565
2024-04-22,102.8818,95.5704,87.4154,5326.3075,242.4256
2024-04-23,102.9532,95.9438,87.5655,5327.986,244.5888
2024-04-24,102.9549,96.3725,87.7308,5328.1588,247.1766
2024-04-25,102.9493,96.2399,88.6125,5328.7384,249.7039
2024-04-26,102.9593,95.5204,88.1658,5329.7189,254.0366
2024-04-29,103.0161,96.2744,89.083,5331.6499,252.8921
2024-04-30,103.0514,96.3277,89.0926,5332.5376,252.92
2024-05-02,103.1097,96.6825,89.3246,5334.9028,255.2092
2024-05-03,103.16,96.2268,88.739,5336.1567,254.9479
2024-05-06,103.3135,96.1226,88.3316,5339.654,252.0095
2024-05-07,103.3251,95.2615,87.7561,5341.0415,246.4945
2024-05-08,103.3191,95.1781,87.904,5341.9087,248.6217
2024-05-09,103.3271,94.1648,86.3547,5342.3428,243.9372
2024-05-10,103.3607,94.944,86.9891,5342.7724,246.5479
2024-05-13,103.4188,94.9181,87.174,5346.0212,247.7744
2024-05-14,103.4525,95.0867,87.6274,5347.522,252.3782
2024-05-15,103.5312,95.3403,87.8377,5348.7106,253.3955
2024-05-16,103.618,95.8039,88.7259,5349.5038,254.8362
2024-05-17,103.6086,96.5667,89.1256,5350.4153,258.8589
2024-05-21,103.7247,96.6377,89.5067,5355.2502,263.7411
2024-05-22,103.7992,96.6311,89.864,5356.3608,262.3579
2024-05-23,103.7992,97.6268,90.9572,5356.3608,264.2809
2024-05-24,103.871,97.1641,90.914,5358.5147,264.4223
2024-05-27,103.9153,97.2496,90.7877,5361.4316,261.4705
2024-05-28,103.9118,96.9662,90.4202,5362.1042,259.1987
2024-05-29,103.8954,96.422,89.6503,5363.2902,259.0983
2024-05-30,103.9279,95.26,88.9933,5364.7137,258.6151
2024-05-31,103.9547,95.3435,89.4481,5365.8097,260.132
2024-06-03,104.0983,97.572,92.4271,5369.1209,269.8003
2024-06-04,103.8414,93.8529,86.3042,5369.0379,246.1066
2024-06-05,103.9001,97.1538,89.1172,5369.9555,256.1055
2024-06-06,103.9979,97.7973,90.1267,5371.2112,260.5948
2024-06-07,104.0351,99.5188,91.8562,5372.2291,264.4803
2024-06-10,104.0928,99.7429,92.0097,5375.5307,264.3561
2024-06-11,104.1556,99.8719,92.1206,5377.1007,266.9125
2024-06-12,104.1778,100.2724,92.5612,5378.4232,270.1379
2024-06-13,104.2366,101.0481,93.04,5379.5388,271.1238
2024-06-14,104.2704,101.7146,93.6567,5380.5567,272.7989
2024-06-18,104.3524,102.2403,93.803,5384.8341,273.3525
2024-06-19,104.3994,101.7992,93.5849,5386.0054,271.0897
2024-06-20,104.432,101.8546,93.8753,5387.3667,273.0696
2024-06-21,104.4713,101.2079,93.5537,5388.5437,272.385
2024-06-24,117.8708,101.9085,93.7392,5391.5451,269.8448
2024-06-25,104.5405,102.2506,94.3814,5392.2884,270.0778
2024-06-26,104.5187,102.4418,94.643,5392.8702,269.6398
2024-06-27,104.5382,103.0033,95.1237,5393.747,269.7836
2024-06-28,104.574,102.6191,94.9416,5395.8631,270.8515
2024-06-30,104.6136,102.6191,94.9416,5395.8631,270.8515
2024-07-01,104.6276,103.1944,95.6996,5399.8431,272.8824
2024-07-02,104.6724,102.868,95.5824,5402.0965,273.4437
2024-07-03,104.7114,103.5393,96.3988,5403.6893,275.9579
2024-07-04,104.745,103.5511,96.6688,5404.8862,276.7635
2024-07-05,104.7786,103.8188,96.8297,5405.9933,278.4743
2024-07-08,104.8485,103.2534,96.8647,5408.9972,277.6996
2024-07-09,104.8761,103.826,97.3311,5410.0477,279.5706
2024-07-10,104.9009,103.6139,96.9845,5411.1036,277.7518
2024-07-11,104.9227,103.391,97.096,5412.4014,278.2463
2024-07-12,104.9292,103.8648,97.3785,5413.3353,278.2819
2024-07-15,105.0151,104.2503,97.7671,5416.6718,281.1083
2024-07-16,105.0855,104.2689,97.4713,5417.6751,281.0543
2024-07-18,105.1452,104.7371,97.7055,5419.9047,278.1595
2024-07-19,105.1758,103.1529,96.409,5421.0041,272.5587
2024-07-22,105.223,103.7408,96.7013,5424.1728,273.1838
2024-07-23,105.2253,103.4111,96.5445,5425.4758,271.8225
2024-07-24,105.2595,103.5237,96.7617,5426.637,272.8352
2024-07-25,105.3408,103.9297,96.7323,5427.5873,271.9495
2024-07-26,105.4135,105.5663,98.3111,5428.5956,275.7654
2024-07-29,105.5119,106.152,98.4839,5431.7904,276.5895
2024-07-30,105.5094,106.1309,98.6802,5432.772,276.394
2024-07-31,105.5109,107.2541,99.038,5433.6933,278.0632
2024-08-01,105.5455,106.8677,99.1905,5434.8589,277.2299
2024-08-02,105.5909,106.2855,98.3992,5435.8684,274.6382
2024-08-05,105.7262,103.3697,95.6995,5439.0651,265.4979
2024-08-06,105.7253,102.7567,95.1642,5439.9349,263.3229
2024-08-07,105.7549,104.7231,96.5617,5441.0345,269.1662
2024-08-08,105.7637,104.0397,95.9036,5441.9641,269.6324
2024-08-09,105.7861,105.1196,96.6915,5442.9315,267.936
2024-08-12,105.8262,104.7072,96.4431,5445.8783,267.8991
2024-08-13,105.8532,103.6796,95.363,5446.294,266.6449
2024-08-14,105.8943,103.5686,95.3783,5447.357,264.9184
2024-08-16,105.9116,105.3212,96.8796,5449.5862,268.1138
2024-08-19,105.9818,105.1849,97.0611,5452.8782,270.7532
2024-08-20,106.0252,106.4228,97.6125,5454.3508,272.1785
2024-08-21,106.0518,106.4116,97.8326,5455.8625,273.4851
2024-08-22,106.0858,106.7491,97.9738,5457.1012,274.1903
2024-08-23,106.1127,106.6293,97.9385,5458.18,273.0467
2024-08-26,106.1703,107.2803,98.6268,5461.0959,275.7407
2024-08-27,106.1953,107.7123,98.8747,5461.7292,274.5194
2024-08-28,106.2365,107.8057,98.7789,5462.7689,273.5284
2024-08-29,106.2648,107.8731,98.9127,5463.5324,272.5436
2024-08-30,106.2668,108.8193,99.3996,5464.4471,271.8752
2024-08-31,106.2668,108.8172,99.3996,5464.4471,271.8752
2024-09-02,106.3054,108.9623,99.5227,5467.6346,271.6547
2024-09-03,106.3329,108.8271,99.6805,5468.8173,271.965
2024-09-04,106.3754,108.8874,99.2067,5469.7871,271.3858
2024-09-05,106.4059,108.8654,99.3569,5470.9194,270.8388
2024-09-06,106.4146,108.1266,98.076,5471.7431,269.5129
2024-09-09,106.4667,108.295,98.4675,5475.0575,268.7608
2024-09-10,106.4902,108.8255,99.2319,5475.9756,270.5326
2024-09-11,106.5512,108.7761,98.7724,5477.0398,268.7056
2024-09-12,106.5827,110.5163,100.2373,5477.9222,271.53
2024-09-13,106.6573,110.5442,100.089,5479.344,274.1736
2024-09-16,106.7623,110.7179,100.114,5482.4736,273.4417
2024-09-17,106.7639,110.9778,100.0653,5483.7926,272.8506
2024-09-18,106.7639,111.2418,99.968,5483.7926,270.8616
2024-09-19,106.8809,111.1788,99.8842,5486.1019,268.5655
2024-09-20,106.929,112.7908,100.9598,5487.3347,270.5107
2024-09-23,107.0237,113.547,101.6433,5490.5892,272.0416
2024-09-24,107.0466,113.5942,101.7456,5491.7099,273.07
2024-09-25,107.1126,113.1368,102.0413,5492.655,273.8049
2024-09-26,107.1966,113.6849,102.6658,5493.8571,275.1799
2024-09-27,107.1769,113.6083,102.7061,5495.2936,276.8504
2024-09-30,107.225,112.3338,101.4475,5500.7013,274.5914
2024-10-01,107.3237,112.3285,101.4323,5501.9906,274.7178
2024-10-03,107.3076,110.1986,99.4889,5504.5299,270.3234
2024-10-04,107.2257,109.2162,98.7098,5506.0251,268.0292
2024-10-07,107.2487,107.8549,97.3987,5509.299,262.0336
2024-10-08,107.3126,109.2294,98.6381,5510.3208,266.6238
2024-10-09,107.4772,110.5143,98.9923,5511.8431,267.5266
2024-10-10,107.504,110.2257,99.2685,5512.9468,265.5001
2024-10-11,107.5265,110.2456,99.139,5514.3907,266.9949
2024-10-14,107.6186,110.681,99.6839,5517.3612,266.9509
2024-10-15,107.6534,110.569,99.6355,5518.1759,265.9668
2024-10-16,107.6535,110.0784,99.5525,5519.2375,265.5359
2024-10-17,107.6503,108.5302,98.6003,5520.2522,262.7987
2024-10-18,107.6158,108.7862,98.9248,5521.333,263.2812
2024-10-21,107.6357,108.0928,98.4247,5524.1631,260.1379
2024-10-22,107.5869,106.4297,96.8263,5525.1776,254.9976
2024-10-23,107.6336,106.768,96.7928,5526.2009,254.7688
2024-10-24,107.674,106.5309,96.5901,5527.3884,254.332
2024-10-25,107.6909,105.8433,95.6705,5528.4234,249.7438
2024-10-28,107.6861,105.3964,96.0172,5531.4854,250.392
2024-10-29,107.725,105.9613,96.8881,5532.5972,251.7044
2024-10-30,107.7881,105.6041,96.533,5533.6549,255.0505
2024-10-31,107.8015,105.222,96.3789,5535.049,253.5332
2024-11-04,107.8739,104.8151,95.6366,5539.5214,251.6918
2024-11-05,107.8874,104.9973,96.3891,5540.8795,252.3112
2024-11-06,107.8879,106.7263,97.5614,5541.99,256.9198
2024-11-07,107.9237,105.9354,96.8112,5543.2316,253.7427
2024-11-08,107.9884,105.3856,96.4406,5544.3048,250.1345
2024-11-11,108.0457,105.1594,96.5738,5547.5341,248.0054
2024-11-12,108.0534,104.013,95.3799,5548.5622,244.9038
2024-11-13,108.0513,102.2523,93.9405,5549.7643,240.373
2024-11-14,108.0265,102.3533,93.9927,5550.9097,240.3952
2024-11-18,108.1144,102.287,93.7894,5555.0635,239.481
2024-11-19,108.1459,102.9426,94.0998,5556.1305,240.0088
2024-11-21,108.1547,102.6084,93.5182,5557.9843,236.6909
2024-11-22,108.1301,104.0153,95.4297,5559.0282,240.6317
2024-11-25,108.2199,105.6098,96.8798,5562.2563,244.5513
2024-11-26,108.234,105.3089,96.7895,5563.3251,245.178
2024-11-27,108.2186,105.5935,97.2127,5564.3652,246.6074
2024-11-28,108.248,104.5539,96.1824,5565.3431,247.0727
2024-11-29,108.3481,105.2259,96.7197,5566.4874,249.1551
2024-11-30,108.3481,105.2243,96.7197,5566.4874,249.1551
2024-12-02,108.547,106.339,97.1205,5569.9305,250.6584
2024-12-03,108.5772,107.207,98.2022,5570.896,252.2592
2024-12-04,108.6652,107.6559,98.6536,5572.0927,252.6181
2024-12-05,108.7127,108.3787,99.4147,5573.6012,253.0051
2024-12-06,108.6492,108.4356,99.6509,5575.0097,253.4045
2024-12-09,108.7124,108.3583,99.5074,5578.25,253.7464
2024-12-10,108.7512,108.5727,99.546,5579.1651,253.2317
2024-12-11,108.7714,108.7957,99.6289,5580.1419,254.5099
2024-12-12,108.76,108.5429,99.2226,5580.6696,252.263
2024-12-13,108.7654,108.8347,99.7847,5580.9232,252.2245
2024-12-16,108.8176,108.7447,99.805,5584.4671,253.2194
2024-12-17,102.2788,107.6416,98.876,5585.572,250.2968
2024-12-18,102.3051,107.2865,98.1827,5586.4179,249.1512
2024-12-19,102.2319,106.5383,97.4275,5587.01,247.0122
2024-12-20,102.2299,104.3714,95.8415,5588.072,242.1542
2024-12-23,102.2971,104.9395,96.1694,5590.4471,244.1149
2024-12-24,102.276,104.7647,96.1467,5590.9435,244.3331
2024-12-26,102.3057,104.9719,96.1901,5592.9244,244.0038
2024-12-27,102.3377,105.0556,96.1819,5594.0951,244.066
2024-12-30,102.3935,104.8623,95.6777,5597.3384,243.4722
2024-12-31,102.4261,104.8418,95.6932,5600.5771,246.4922
2025-01-01,102.4373,105.2098,96.1113,5602.0594,248.1978
2025-01-02,102.4411,107.1106,97.5681,5603.5453,251.2933
2025-01-03,102.4734,106.6103,97.1671,5604.3724,251.7558
2025-01-06,102.5428,104.6558,95.3266,5607.5187,245.1046
2025-01-07,102.5942,104.7743,95.7436,5608.3364,246.128
2025-01-08,102.5842,103.8402,95.4138,5608.6713,245.6596
2025-01-09,102.5669,103.1098,94.581,5608.9131,243.7067
2025-01-10,102.5788,102.1012,93.7271,5610.3063,240.3735
2025-01-13,102.479,99.3562,91.922,5613.1264,232.2336
2025-01-14,102.5067,100.491,92.5951,5613.9876,237.2368
2025-01-15,102.5547,100.6352,92.9463,5615.6509,236.8193
2025-01-16,102.6846,101.4904,93.5764,5617.329,239.087
2025-01-17,102.6971,101.1868,93.4158,5618.584,241.8513
2025-01-20,102.7722,101.7412,93.6339,5621.8468,243.3888
2025-01-21,102.833,99.7482,91.9008,5622.9541,240.1773
2025-01-22,102.882,99.589,91.9229,5623.6568,238.0652
2025-01-23,102.8828,100.7177,92.2667,5624.5255,240.142
2025-01-24,102.9,99.8878,91.4588,5625.5281,236.8418
2025-01-27,103.0191,98.2629,89.9694,5629.0101,230.121
2025-01-28,103.0551,98.499,90.2227,5630.4184,228.974
2025-01-29,103.0631,100.3048,91.4688,5632.2632,232.2161
2025-01-30,103.0995,100.5817,91.7379,5633.6602,234.0211
2025-01-31,103.1194,101.3764,92.8772,5634.8733,238.7459
2025-02-03,103.2079,101.8419,92.4237,5638.0374,229.5876
2025-02-04,103.2096,103.0829,93.9231,5639.5493,233.8514
2025-02-05,103.2887,103.119,93.8883,5641.2929,234.77
2025-02-06,103.3557,102.6583,93.4896,5644.1449,233.5121
2025-02-07,103.2983,102.7818,93.319,5644.185,232.7949
2025-02-10,103.3119,101.4198,92.1773,5646.022,228.5437
2025-02-11,103.3491,99.5049,90.5443,5647.2714,223.6698
2025-02-12,103.3327,99.4579,90.3408,5648.4814,223.747
2025-02-13,103.3413,99.6044,90.3684,5650.1659,224.7555
2025-02-14,103.3587,98.4378,89.5741,5651.0746,220.1629
2025-02-17,103.4024,98.3385,89.5693,5654.1189,221.5414
2025-02-18,103.428,98.3192,89.5354,5655.0607,219.7878
2025-02-19,103.428,98.672,90.0404,5655.0607,221.7637
2025-02-20,103.4473,98.9287,90.3489,5657.2867,223.4854
2025-02-21,103.4606,98.1576,89.8495,5658.526,222.1916
2025-02-24,103.523,97.2366,88.9334,5662.8036,219.5091
2025-02-25,103.5311,97.3105,88.7605,5663.4085,217.6951
2025-02-27,103.475,96.8975,88.4321,5665.5035,215.2527
2025-02-28,103.4542,94.9501,86.9222,5666.3039,209.9337
2025-03-03,103.4915,95.4362,86.983,5668.836,208.6743
2025-03-04,103.4961,95.5268,87.1643,5669.5153,208.1479
2025-03-05,103.5156,96.6508,88.2535,5669.8421,214.3513
2025-03-06,103.577,97.2896,89.174,5670.7057,217.3614
2025-03-07,103.5932,97.102,89.1195,5671.5,217.7349
2025-03-10,103.6318,96.3467,88.5879,5675.2614,215.3282
2025-03-11,103.6633,96.6916,88.5042,5676.1432,215.8426
2025-03-12,103.6937,96.5719,88.3738,5677.2615,216.5917
2025-03-13,103.7314,96.1511,88.0656,5679.1086,215.2816
2025-03-17,103.8183,96.9284,88.6746,5683.8145,216.0426
2025-03-18,103.8685,98.7757,90.2544,5685.3043,219.8179
2025-03-19,103.9843,99.6691,90.9711,5687.3531,224.1758
2025-03-20,104.0851,100.6482,91.6767,5689.694,226.422
2025-03-21,104.1787,101.6223,92.543,5693.8851,228.9535
2025-03-24,104.2711,102.5148,93.8123,5700.1857,231.563
2025-03-25,104.3152,102.1034,93.5158,5701.1631,228.5638
2025-03-26,104.4275,101.5005,92.657,5704.2365,226.7785
2025-03-27,104.5887,101.9948,93.3884,5705.1533,228.4303
2025-03-28,104.798,101.5135,92.8735,5713.7697,227.7198
2025-03-31,104.8517,101.5097,92.8702,5716.824,227.7234
2025-04-01,104.8517,100.0834,91.6629,5716.824,226.6597
2025-04-02,105.2693,101.0307,92.4165,5726.3244,229.4658
2025-04-03,105.407,100.777,92.2243,5730.5444,230.6728
2025-04-04,105.4731,99.3327,90.4333,5732.122,223.1421
2025-04-07,105.4895,96.4224,87.7802,5735.1937,216.2363
2025-04-08,105.4798,98.1202,89.2409,5736.6882,221.4525
2025-04-09,105.595,97.7243,88.641,5740.7071,220.3787
2025-04-11,105.7166,99.4468,90.0693,5744.5695,223.7678
2025-04-15,105.8256,101.8933,92.3268,5749.0705,229.1942
2025-04-16,105.9138,102.318,92.8983,5750.2512,231.0771
2025-04-17,106.0393,103.6475,94.1055,5751.9598,233.07
2025-04-21,106.1959,104.8758,95.3869,5758.0083,236.1813
2025-04-22,106.2867,105.2172,95.6204,5759.3888,237.2151
2025-04-23,106.3557,105.8792,96.1708,5760.6599,239.1752
2025-04-24,106.3431,105.5627,96.0597,5762.4655,239.2636
2025-04-25,106.2928,104.075,94.8844,5762.4356,234.1117
2025-04-28,106.3422,104.9692,96.0282,5765.5012,237.8403
2025-04-29,106.4231,104.8552,96.0929,5766.6546,237.5659
2025-04-30,106.4272,104.6451,95.8147,5767.1752,236.4184
2025-05-02,106.4573,104.4724,95.9389,5769.7362,234.7715
2025-05-05,106.5451,105.2187,96.5552,5773.1211,238.1259
2025-05-06,106.5085,104.2762,95.5648,5774.9972,233.2886
2025-05-07,106.5585,104.8398,96.0208,5776.0155,235.412
2025-05-08,106.3466,103.5049,95.1487,5774.8342,231.2396
2025-05-09,106.2789,102.6314,94.3482,5773.3156,231.1589
2025-05-12,106.2789,106.1881,97.9099,5773.3156,239.4642
2025-05-13,106.6661,105.499,97.054,5780.0491,239.3958
2025-05-14,106.7901,106.0607,97.6473,5783.7466,242.8323
2025-05-15,106.9055,107.2349,98.9453,5784.8317,244.8228
2025-05-16,107.0688,107.4778,99.2225,5787.4816,245.9744
2025-05-19,107.1766,107.379,99.1325,5791.2421,244.8396
2025-05-20,107.2867,105.8304,97.9113,5793.6894,241.4405
2025-05-21,107.4878,106.6077,98.6038,5795.4048,243.7466
2025-05-22,107.5193,106.1852,97.9101,5795.8073,242.5125
2025-05-23,107.5534,107.0146,98.8611,5797.5783,243.1778
2025-05-26,107.6218,107.4818,99.6536,5800.4584,244.6617
2025-05-27,107.6329,107.03,99.2431,5801.7666,244.8471
2025-05-28,107.6822,106.7675,99.1118,5803.8799,244.1898
2025-05-29,107.6883,107.1679,99.4341,5805.6326,245.5956
2025-05-30,107.657,106.9783,99.1611,5806.6169,243.2881
2025-05-31,107.657,106.9766,99.1611,5806.6169,243.2881
2025-06-02,107.7103,107.0707,99.2736,5810.056,242.9849
2025-06-03,107.7345,106.5283,98.7161,5812.5765,242.9149
2025-06-04,107.7469,107.0655,99.1551,5814.4359,244.5563
2025-06-05,107.7812,107.5533,99.6617,5816.4301,246.359
2025-06-06,108.0092,108.4007,100.6269,5825.1945,246.8539
2025-06-09,107.886,108.9621,101.3481,5829.1614,249.3853
2025-06-10,107.6421,108.8321,101.2256,5827.1891,248.9619
2025-06-11,107.5439,108.7816,101.3151,5825.4478,248.6657
2025-06-12,107.4825,107.5691,100.0453,5826.0507,245.0736
2025-06-13,107.3575,107.014,99.3528,5826.4969,243.6935
2025-06-16,107.4387,107.9842,100.0818,5829.3242,245.615
2025-06-17,107.5644,107.5374,99.7999,5830.1383,243.2315
2025-06-18,107.5716,107.2775,99.7448,5831.6321,241.9956
2025-06-19,107.4465,106.6482,99.3123,5832.8313,238.563
2025-06-20,107.4384,108.1514,100.4075,5833.9386,241.4383
2025-06-23,107.4577,107.9543,99.9129,5837.2267,242.2674
2025-06-24,107.5733,108.5319,100.5325,5838.486,242.5875
2025-06-25,107.511,109.3692,101.2439,5838.0925,243.8775
2025-06-26,107.5011,110.2355,102.1458,5839.2453,246.3223
2025-06-27,107.4878,110.74,102.6148,5840.5596,247.1461
2025-06-30,107.5767,110.6845,102.3501,5843.7929,247.8273
2025-07-01,107.6624,110.588,102.2738,5847.481,248.2882
2025-07-02,107.7677,110.2267,101.8391,5851.0981,249.1057
2025-07-03,107.8552,109.8742,101.5231,5852.4845,248.6183
2025-07-04,107.8466,110.133,101.7883,5853.3606,250.2343
2025-07-07,107.9243,109.9783,101.754,5856.2977,249.6877
2025-07-08,107.9198,110.1649,102.0364,5856.9332,249.0142
2025-07-09,107.8924,110.2936,102.039,5857.2164,248.2505
2025-07-10,107.8928,109.7323,101.799,5858.4766,247.9259
2025-07-11,107.9125,108.6737,101.2686,5858.9296,245.4267
2025-07-14,107.9617,108.827,101.0587,5862.5908,246.3603
2025-07-15,107.962,109.4895,101.4168,5863.6201,247.6496
2025-07-16,107.9658,109.4752,101.623,5864.3753,247.8651
2025-07-17,108.0272,109.3117,101.4318,5865.3853,247.6199
2025-07-18,108.1161,108.78,100.9286,5866.4951,246.0588
2025-07-21,108.1729,109.7098,101.3735,5869.1171,246.4861
2025-07-22,108.1979,109.7437,101.3272,5869.8417,244.27
2025-07-23,108.2277,110.268,101.7894,5871.1828,245.9123
2025-07-24,108.2573,109.8416,101.3281,5872.0366,244.7259
2025-07-25,108.1982,108.763,100.2598,5872.8052,242.2285
2025-07-28,108.2193,107.8724,99.6981,5875.1043,240.377
2025-07-29,108.1828,108.5168,100.2101,5875.6626,243.0613
2025-07-30,108.1757,108.8599,100.6886,5876.5092,243.4561
2025-07-31,108.2167,108.4305,100.5941,5877.5109,240.1581
2025-08-01,108.2952,107.3597,99.9113,5878.7932,235.534
2025-08-04,108.4355,108.1149,100.2779,5882.1589,237.9836
2025-08-05,108.4412,108.0923,100.1112,5883.4482,236.2507
2025-08-06,108.2153,107.5084,99.7886,5883.3045,235.1393
2025-08-07,108.2611,107.8011,99.9091,5884.0837,235.6791
2025-08-08,108.2726,106.5285,98.9884,5884.8484,232.4897
2025-08-11,108.2018,107.3883,99.916,5887.2286,234.2709
2025-08-12,108.049,106.9215,99.7536,5887.3908,233.816
2025-08-13,107.9901,107.7607,100.5914,5888.1247,235.0528
2025-08-14,108.1543,107.8455,100.5741,5889.2636,235.4145
2025-08-18,108.1271,109.045,101.6867,5892.9896,235.8966
2025-08-19,108.0083,109.5723,102.2421,5894.2742,238.1606
2025-08-20,108.0899,110.0113,102.6558,5895.2164,237.6875
2025-08-21,108.0985,110.1151,102.728,5896.2147,235.9925
2025-08-22,108.1096,109.6513,102.052,5897.2374,234.6473
2025-08-25,108.1037,109.9294,102.3387,5899.9888,234.8266
2025-08-26,107.9266,108.7132,101.34,5900.7107,231.5244
2025-08-28,108.066,107.4756,100.5523,5902.4099,228.6161
2025-08-29,108.0297,107.1259,100.3496,5902.9876,228.1841
2025-08-31,108.0297,107.1217,100.3496,5902.9876,228.1841
2025-09-01,108.0373,108.3462,101.1664,5905.5718,230.56
2025-09-02,108.0088,108.2047,100.9907,5905.9868,230.2564
2025-09-03,108.0471,108.7666,101.5909,5906.7644,231.8308
2025-09-04,108.1379,108.9265,101.4965,5907.6123,230.3147
2025-09-05,108.245,108.7583,101.5517,5908.5683,230.0261
2025-09-08,108.245,108.9657,101.6765,5908.5683,230.3334
2025-09-09,108.3519,109.2062,101.9677,5911.3924,231.7601
2025-09-10,108.3574,109.7209,102.3512,5912.0041,232.9172
2025-09-11,108.369,109.7409,102.4033,5913.2938,234.5814
2025-09-12,108.4006,110.0814,102.9764,5913.8365,235.5009
2025-09-15,108.3802,110.1522,103.15,5916.611,236.803
2025-09-16,108.3787,110.8008,103.9014,5918.118,238.5553
2025-09-17,108.4538,111.2323,104.2438,5919.7048,238.4804
2025-09-18,108.4552,111.5335,104.5531,5921.2244,239.2009
2025-09-19,108.4428,111.231,104.3509,5922.1357,238.7551
2025-09-22,108.5131,110.7182,103.8105,5924.9723,236.6308
2025-09-23,108.5708,110.3401,103.8134,5925.9531,236.4453
2025-09-24,108.5859,109.7608,103.3338,5926.6741,235.1127
2025-09-25,108.617,108.9191,102.4742,5927.3108,233.8771
2025-09-26,108.6702,107.2246,101.3125,5928.0474,229.743
2025-09-30,108.7397,107.3134,101.3,5933.5373,229.5282
2025-10-01,108.8285,107.8239,102.0581,5935.6,231.3691
2025-10-03,108.9591,108.1386,102.3835,5938.4748,233.3789
2025-10-06,109.0926,108.9326,102.8296,5941.7936,233.8185
2025-10-07,109.2045,109.3201,102.7883,5942.4446,233.9591
2025-10-08,109.2524,109.065,102.3564,5943.1699,232.7811
2025-10-09,109.2597,109.5882,102.7968,5943.9808,235.938
2025-10-10,109.2852,109.959,103.236,5944.8495,238.7569
2025-10-13,109.3763,109.9552,102.968,5947.7955,237.2262
2025-10-14,109.4088,109.6634,102.5439,5948.725,236.6668
2025-10-15,109.4754,110.7365,103.2825,5949.6158,238.4586
2025-10-16,109.5131,111.5399,104.1594,5949.9941,239.7386
2025-10-17,109.5844,111.7489,104.4673,5950.679,237.9585
2025-10-20,109.6155,111.9025,104.88,5953.5542,238.5658
2025-10-23,109.5817,111.8587,105.0429,5956.2661,238.1741
2025-10-24,109.5673,111.6549,104.6441,5957.0133,238.5586
2025-10-27,109.6125,112.2705,105.1974,5959.9594,241.1116
2025-10-28,109.6404,111.9031,105.143,5961.2816,240.5906
2025-10-29,109.6934,112.4068,105.7985,5962.2436,242.1269
2025-10-30,109.6521,111.8699,105.2376,5962.9105,241.5912
2025-10-31,109.6768,111.0948,104.5102,5963.9425,241.241
2025-11-03,109.7548,111.7992,104.8494,5966.9646,242.436
2025-11-04,109.7941,111.4046,104.296,5967.9587,241.3991
2025-11-06,109.8337,110.4409,103.6683,5969.9256,238.3367
2025-11-07,109.8609,110.4431,103.6712,5971.0247,238.5395
2025-11-10,109.925,110.9776,103.8912,5973.9734,239.0148
2025-11-11,109.961,111.1622,104.1242,5975.0374,239.2695
2025-11-12,109.9947,111.5788,104.6829,5976.3688,240.8333
2025-11-13,109.9907,111.4226,104.6624,5977.4171,240.6851
2025-11-14,109.9725,111.2034,104.6864,5978.3518,240.1422
2025-11-17,109.9756,111.7933,105.1203,5981.2066,242.3625
2025-11-18,110.0205,111.1769,104.6087,5982.3808,241.3464
2025-11-19,110.0771,111.7018,105.1392,5983.4016,241.8587
2025-11-20,110.0882,112.0795,105.6047,5984.2663,242.1044
2025-11-21,110.0708,111.1918,104.8664,5985.1789,240.214
2025-11-24,110.1322,110.661,104.323,5988.0799,238.0858
2025-11-25,110.1924,110.5608,104.1712,5989.3488,237.4439
2025-11-26,110.2658,111.8355,105.5755,5990.4554,240.6092
2025-11-27,110.2743,111.8115,105.684,5991.5695,240.9565
2025-11-28,110.2615,111.8357,105.6844,5992.5375,240.0428
2025-11-30,110.2615,111.8311,105.6844,5992.5375,240.0428
2025-12-01,110.211,111.6365,105.5389,5994.9936,240.1195
2025-12-02,110.2349,111.2677,105.2367,5995.7798,239.2874
2025-12-03,110.2362,110.7813,105.0214,5996.3511,238.6028
2025-12-04,110.235,110.8486,105.0426,5996.9391,238.0141
2025-12-05,110.3373,111.1487,105.4142,5999.0953,238.011
2025-12-08,110.3299,109.6141,104.3721,6002.0388,234.3084
2025-12-09,110.1852,109.7035,104.2635,6002.302,234.7247
2025-12-10,110.0466,109.0886,104.014,6002.278,234.2746
2025-12-11,110.0609,109.7762,104.659,6003.0596,236.1615
2025-12-12,110.0652,110.519,105.2738,6004.0068,238.1125
2025-12-15,109.9944,110.3582,105.1821,6006.304,238.3773
2025-12-16,110.0261,109.7392,104.4782,6007.2035,235.7084
2025-12-17,110.0266,109.3091,104.1918,6007.8902,234.3133
2025-12-18,110.0195,109.2532,104.0678,6008.9502,234.7045
2025-12-19,110.0403,110.1534,104.7495,6009.9347,236.9631
2025-12-22,110.0241,110.7862,105.338,6012.9635,238.0447
2025-12-23,109.9954,110.852,105.5381,6013.8267,238.7629
2025-12-24,110.2079,110.6485,105.3548,6015.9944,237.653
2025-12-26,110.2247,110.2666,104.9912,6017.7227,236.9848
2025-12-29,110.2799,109.8211,104.7188,6020.5172,235.9854
2025-12-30,110.2176,109.5506,104.5935,6020.3988,234.3754
2025-12-31,110.3212,110.2419,105.3421,6023.5454,235.5063
2026-01-01,110.3493,110.5516,105.4001,6024.7187,235.259
2026-01-02,110.3333,111.5357,106.1272,6025.268,236.4132
2026-01-05,110.2498,111.1802,105.7109,6027.6905,234.5069
2026-01-06,110.2647,111.2492,105.7006,6028.7271,233.0409
2026-01-07,110.2175,111.3106,105.6078,6028.3846,233.3132
2026-01-08,110.2218,110.0573,104.3327,6028.086,229.2263
2026-01-09,110.2327,108.8498,103.4654,6028.4591,227.0265
2026-01-12,110.2974,108.8931,103.6218,6031.2329,226.2587
2026-01-13,110.1878,108.8425,103.3735,6030.9953,225.4815
2026-01-14,110.1286,108.5048,103.3177,6031.499,225.3953
2026-01-16,110.0107,108.6446,103.2136,6031.7639,224.9528
2026-01-19,109.9742,108.3617,102.9226,6033.5639,224.6687
2026-01-20,109.9385,106.5056,101.2908,6033.4329,220.3003
2026-01-21,109.9438,106.0731,100.8963,6034.6246,216.4631
2026-01-22,110.0539,106.8714,101.5393,6037.506,218.2378
2026-01-23,110.0766,105.7171,100.5127,6037.6453,214.913
2026-01-27,110.1078,105.945,100.8952,6041.4977,214.5324
2026-01-28,110.0855,107.0296,101.8416,6040.7842,216.5481
2026-01-29,110.0922,107.1759,102.3949,6041.3173,215.8206
2026-01-30,110.1903,107.1918,102.2355,6043.7838,217.3627
2026-01-31,110.1903,107.1897,102.2355,6043.7838,217.3627
2026-02-02,110.1537,106.1596,101.2456,6047.2159,215.3687
2026-02-03,110.296,109.0955,103.8538,6050.7733,220.1536
2026-02-04,110.4477,109.288,104.0764,6053.3313,220.8543
2026-02-05,110.5985,109.0137,103.759,6055.7449,220.8275
2026-02-06,110.4173,109.1756,103.9204,6054.9686,221.7398
2026-02-09,110.4233,110.3845,104.8998,6057.5032,224.5198
2026-02-10,110.4293,110.6519,105.3572,6058.8643,225.1996
2026-02-11,110.5056,110.8392,105.5426,6061.1204,225.6929
2026-02-12,110.6309,110.5365,104.9922,6063.705,225.4245
2026-02-13,110.7584,109.3409,103.8148,6066.864,222.5748
2026-02-16,110.8409,109.8444,104.5361,6069.3783,222.4954
2026-02-17,110.8682,110.0806,104.7084,6069.7063,222.9773
2026-02-18,110.8613,110.6303,105.2559,6069.767,223.2608
2026-02-19,110.8613,109.0091,103.5918,6069.767,220.4132
2026-02-20,110.807,109.5273,104.2351,6071.6571,221.3408
2026-02-23,110.8829,110.291,104.8203,6074.6388,221.7051
2026-02-24,110.9394,109.3681,103.9564,6076.1758,220.5605
2026-02-25,110.9826,109.9293,104.4641,6077.5886,222.6482
2026-02-26,111.0069,110.2945,104.5075,6078.8123,223.828
2026-02-27,111.0261,108.9345,103.3052,6079.9195,221.2108
2026-02-28,111.0261,108.9325,103.3052,6079.9195,221.2108
2026-03-02,111.0653,107.5231,101.8541,6081.764,217.4449
2026-03-04,110.9499,105.4928,99.951,6081.0589,213.8632
2026-03-05,111.0534,106.7297,101.1422,6082.3927,216.0433
2026-03-06,111.0395,105.405,100.0829,6084.2962,215.1244
2026-03-09,110.9193,103.3882,98.2895,6085.2288,213.7211
2026-03-10,111.0484,104.7593,99.4725,6086.6516,217.2151
2026-03-11,111.1072,102.9776,98.1139,6088.3404,217.2638
2026-03-12,110.9898,101.9718,97.31,6087.112,216.8313
2026-03-13,110.9287,99.7111,95.1844,6083.6197,212.7884
2026-03-16,110.9159,100.396,95.9441,6086.3434,213.4091
2026-03-17,110.9316,101.2496,96.6146,6089.0993,215.8723
2026-03-18,110.9985,102.4592,97.5488,6093.8586,219.4077
2026-03-19,110.9985,99.1597,94.5458,6093.8586,214.0899
2026-03-20,110.9352,99.6142,94.8276,6093.5261,215.8819
2026-03-23,110.6625,96.713,92.1523,6090.1601,210.115
2026-03-24,103.9816,98.6597,93.8354,6089.2045,214.9164
2026-03-25,103.9713,100.7319,95.6217,6090.541,218.6866
2026-03-27,103.9102,98.6739,93.579,6095.1859,215.979
2026-03-30,103.9921,96.2768,91.455,6101.3858,212.3561
2026-03-31,104.0116,96.2753,91.4539,6102.5131,212.3571
2026-04-01,104.0116,97.7184,92.9211,6102.5131,216.7627
2026-04-02,103.8813,97.52,93.2361,6104.7264,216.2795
2026-04-06,103.9142,98.8014,94.353,6107.3346,217.6413
2026-04-07,103.9918,99.3876,94.7584,6110.1834,217.9604
2026-04-08,104.3919,103.2833,98.1861,6119.1243,224.5909
2026-04-09,104.515,102.5494,97.4948,6126.1544,224.6235
2026-04-10,104.5956,104.1348,98.8886,6129.7674,228.6993
2026-04-13,104.6113,103.2303,98.1851,6133.4071,226.9809
2026-04-15,104.7901,104.9259,99.8843,6137.6962,231.5434
2026-04-16,104.7959,105.117,99.9263,6139.7004,233.318
2026-04-17,104.7821,105.9826,100.7903,6139.2351,236.2133
2026-04-20,104.8369,106.2063,100.9566,6142.2537,235.1961
2026-04-21,104.847,107.2434,101.9645,6142.9601,236.4598
2026-04-22,104.8473,106.8299,101.5803,6143.3663,238.5702
2026-04-23,104.7652,106.1301,100.8016,6141.9603,239.7583
2026-04-24,104.7091,105.0928,99.76,6142.2018,238.1456
2026-04-27,104.7771,106.0528,100.6093,6142.5902,241.2517
2026-04-28,104.7428,105.6212,99.9782,6143.001,242.6241
2026-04-29,104.6594,106.0698,100.3928,6141.8799,242.345
2026-04-30,104.5706,105.2845,99.5502,6140.1614,240.5353
2026-05-04,104.6544,105.7449,100.0932,6145.7049,242.7655
2026-05-05,104.6166,105.8387,99.9072,6146.0001,242.9594
2026-05-06,104.8043,107.3354,101.1725,6149.0307,245.3878
2026-05-07,104.8762,107.6729,101.2917,6149.9098,245.6055
2026-05-08,104.8696,107.15,100.4981,6151.3707,244.6201
2026-05-11,104.8053,105.6066,99.2007,6151.8671,242.7219
2026-05-12,104.7585,103.3384,97.1846,6150.5076,238.1528
2026-05-13,104.7371,103.396,97.169,6150.1257,240.0746
2026-05-14,104.7318,104.5531,98.0606,6148.9361,243.5314
2026-05-15,104.5968,104.2918,98.0059,6148.3016,242.0952
2026-05-18,104.3791,104.1556,97.9372,6148.4847,241.2615
2026-05-19,104.4216,104.2767,98.1289,6149.7598,241.6771
2026-05-20,104.3826,104.6046,98.3933,6147.5856,244.7199
2026-05-21,104.285,104.4915,98.3781,6142.8808,248.8853
2026-05-22,104.3467,104.7708,98.7497,6142.638,247.8039
2026-05-25,104.5215,105.9217,99.8047,6144.8478,249.2266
2026-05-26,104.5269,105.5115,99.4356,6144.0004,251.2702
2026-05-27,104.5833,105.9296,99.8092,6146.6118,251.2273
2026-05-29,104.657,104.3129,98.4656,6151.1139,248.6673
2026-05-31,104.657,104.3083,98.4656,6151.1139,248.6673
2026-06-01,104.7025,103.0948,97.1944,6156.7532,246.9814
2026-06-02,104.7663,103.5959,97.4783,6158.9665,246.8566
2026-06-03,104.7496,103.4809,97.2167,6159.9626,245.6593
2026-06-04,104.8095,103.6421,97.2621,6160.9434,246.0784
2026-06-05,105.107,103.8102,97.2456,6168.4755,246.0878
